Frequency(MHz),Power(dBmV/100kHz)_20260203_091320
107.8981,-1.52
107.9981,-1.52
108.0981,-1.52
108.1981,-1.52
108.2981,-1.52
108.3981,-1.52
108.4981,-1.52
108.5981,-1.52
108.6981,-1.52
108.7981,-1.52
108.8981,-1.52
108.9981,-1.52
109.0981,-1.52
109.1981,-1.52
109.2981,-1.52
109.3981,-1.52
109.4981,-1.52
109.5981,-1.52
109.6981,-1.52
109.7981,-1.52
109.8981,-1.52
109.9981,-1.52
110.0981,-1.52
110.1981,-1.52
110.2981,-1.52
110.3981,-1.52
110.4981,-1.52
110.5981,-1.52
110.6981,-1.52
110.7981,-1.52
110.8981,-1.52
110.9981,-1.52
111.0981,-1.52
111.1981,-1.52
111.2981,-1.52
111.3981,-1.52
111.4981,-1.52
111.5981,-1.52
111.6981,-1.52
111.7981,-1.52
111.8981,-1.52
111.9981,-1.52
112.0981,-1.52
112.1981,-1.52
112.2981,-1.52
112.3981,-1.52
112.4981,-1.52
112.5981,-1.52
112.6981,-1.52
112.7981,-1.52
112.8981,-1.43
112.9981,-1.52
113.0981,-1.14
113.1981,-0.77
113.2981,1.96
113.3981,3.28
113.4981,3.37
113.5981,3.37
113.6981,3.37
113.7981,5.45
113.8981,5.82
113.9981,8.83
114.0981,15.05
114.1981,18.34
114.2981,21.35
114.3981,22.76
114.4981,23.05
114.5981,23.99
114.6981,23.42
114.7981,23.7
114.8981,24.36
114.9981,24.17
115.0981,24.46
115.1981,23.61
115.2981,24.74
115.3981,23.8
115.4981,24.36
115.5981,23.61
115.6981,23.99
115.7981,24.65
115.8981,24.74
115.9981,23.42
116.0981,23.61
116.1981,23.05
116.2981,23.7
116.3981,24.17
116.4981,23.8
116.5981,23.52
116.6981,23.42
116.7981,24.46
116.8981,24.36
116.9981,24.36
117.0981,23.99
117.1981,24.55
117.2981,23.7
117.3981,23.61
117.4981,24.27
117.5981,23.42
117.6981,24.27
117.7981,23.61
117.8981,23.7
117.9981,24.08
118.0981,23.99
118.1981,23.89
118.2981,24.27
118.3981,23.7
118.4981,22.95
118.5981,22.95
118.6981,23.14
118.7981,24.08
118.8981,23.99
118.9981,23.99
119.0981,23.89
119.1981,23.33
119.2981,22.95
119.3981,23.89
119.4981,22.29
119.5981,20.79
119.6981,19.0
119.7981,15.89
119.8981,10.9
119.9981,11.94
120.0981,16.83
120.1981,19.75
120.2981,21.26
120.3981,23.14
120.4981,23.05
120.5981,23.14
120.6981,23.42
120.7981,23.99
120.8981,23.61
120.9981,23.8
121.0981,23.23
121.1981,24.65
121.2981,23.61
121.3981,23.8
121.4981,24.17
121.5981,23.8
121.6981,23.52
121.7981,24.36
121.8981,23.33
121.9981,23.7
122.0981,23.7
122.1981,24.46
122.2981,23.8
122.3981,24.27
122.4981,23.05
122.5981,23.8
122.6981,23.7
122.7981,24.27
122.8981,24.08
122.9981,23.99
123.0981,23.23
123.1981,23.52
123.2981,23.99
123.3981,24.27
123.4981,24.17
123.5981,24.65
123.6981,23.23
123.7981,23.42
123.8981,24.36
123.9981,24.27
124.0981,23.89
124.1981,23.7
124.2981,24.17
124.3981,24.65
124.4981,23.89
124.5981,22.95
124.6981,23.8
124.7981,23.42
124.8981,22.29
124.9981,22.57
125.0981,23.05
125.1981,23.14
125.2981,23.14
125.3981,22.95
125.4981,21.35
125.5981,20.88
125.6981,17.87
125.7981,13.63
125.8981,10.43
125.9981,14.39
126.0981,17.3
126.1981,20.32
126.2981,21.92
126.3981,23.23
126.4981,23.89
126.5981,23.7
126.6981,23.14
126.7981,23.52
126.8981,23.42
126.9981,23.89
127.0981,23.61
127.1981,23.89
127.2981,23.52
127.3981,23.61
127.4981,23.14
127.5981,23.42
127.6981,23.14
127.7981,22.76
127.8981,23.52
127.9981,23.23
128.0981,23.33
128.1981,23.05
128.2981,22.57
128.3981,22.67
128.4981,23.14
128.5981,23.23
128.6981,24.36
128.7981,22.86
128.8981,23.23
128.9981,23.7
129.0981,23.7
129.1981,23.7
129.2981,23.61
129.3981,24.74
129.4981,24.08
129.5981,24.08
129.6981,23.14
129.7981,23.89
129.8981,24.08
129.9981,22.86
130.0981,23.7
130.1981,23.14
130.2981,23.7
130.3981,23.99
130.4981,23.14
130.5981,23.42
130.6981,22.76
130.7981,23.7
130.8981,23.61
130.9981,23.61
131.0981,23.61
131.1981,23.8
131.2981,23.7
131.3981,23.89
131.4981,22.01
131.5981,19.85
131.6981,17.3
131.7981,11.19
131.8981,6.86
131.9981,5.35
132.0981,3.37
132.1981,3.28
132.2981,3.28
132.3981,3.19
132.4981,2.62
132.5981,-0.48
132.6981,-0.67
132.7981,-1.05
132.8981,-1.05
132.9981,-1.24
133.0981,-1.52
133.1981,-1.71
133.2981,-1.52
133.3981,-1.52
133.4981,-1.71
133.5981,-1.71
133.6981,-1.71
133.7981,-1.71
133.8981,-1.71
133.9981,-1.71
134.0981,-1.71
134.1981,-1.71
134.2981,-1.71
134.3981,-1.71
134.4981,-1.71
134.5981,-1.71
134.6981,-1.71
134.7981,-1.71
134.8981,-1.52
134.9981,-1.71
135.0981,-1.71
135.1981,-1.71
135.2981,-1.71
135.3981,-1.43
135.4981,-1.52
135.5981,-1.52
135.6981,-1.52
135.7981,-1.43
135.8981,-1.43
135.9981,-1.43
136.0981,-1.52
136.1981,-1.43
136.2981,-1.43
136.3981,-1.43
136.4981,-1.43
136.5981,-1.43
136.6981,-1.43
136.7981,-1.24
136.8981,-1.24
136.9981,-1.24
137.0981,-1.24
137.1981,1.59
137.2981,2.53
137.3981,3.37
137.4981,3.47
137.5981,3.56
137.6981,5.63
137.7981,10.53
137.8981,11.09
137.9981,16.08
138.0981,18.25
138.1981,20.13
138.2981,22.57
138.3981,23.05
138.4981,23.42
138.5981,24.17
138.6981,24.36
138.7981,23.23
138.8981,23.7
138.9981,22.95
139.0981,23.33
139.1981,23.52
139.2981,23.14
139.3981,22.48
139.4981,23.42
139.5981,23.14
139.6981,23.8
139.7981,23.23
139.8981,23.33
139.9981,23.05
140.0981,24.08
140.1981,22.57
140.2981,22.86
140.3981,22.76
140.4981,22.57
140.5981,22.95
140.6981,23.42
140.7981,23.14
140.8981,23.99
140.9981,24.17
141.0981,23.14
141.1981,24.17
141.2981,23.89
141.3981,23.61
141.4981,23.8
141.5981,23.8
141.6981,24.46
141.7981,23.99
141.8981,23.61
141.9981,24.17
142.0981,24.36
142.1981,23.89
142.2981,24.74
142.3981,23.33
142.4981,23.42
142.5981,23.89
142.6981,23.99
142.7981,23.99
142.8981,23.89
142.9981,23.89
143.0981,25.02
143.1981,23.89
143.2981,23.33
143.3981,22.39
143.4981,19.85
143.5981,18.25
143.6981,15.23
143.7981,10.9
143.8981,13.82
143.9981,17.12
144.0981,20.97
144.1981,22.39
144.2981,23.14
144.3981,23.8
144.4981,23.7
144.5981,23.52
144.6981,25.12
144.7981,24.46
144.8981,23.8
144.9981,24.08
145.0981,23.61
145.1981,23.89
145.2981,24.55
145.3981,23.61
145.4981,24.08
145.5981,23.99
145.6981,23.33
145.7981,23.61
145.8981,23.7
145.9981,24.36
146.0981,23.61
146.1981,23.89
146.2981,24.08
146.3981,23.7
146.4981,24.55
146.5981,24.17
146.6981,23.23
146.7981,23.8
146.8981,25.21
146.9981,24.74
147.0981,24.17
147.1981,23.99
147.2981,23.99
147.3981,23.89
147.4981,24.36
147.5981,23.42
147.6981,23.05
147.7981,23.52
147.8981,23.23
147.9981,22.95
148.0981,22.95
148.1981,23.99
148.2981,24.08
148.3981,23.89
148.4981,23.42
148.5981,23.99
148.6981,23.33
148.7981,22.86
148.8981,23.7
148.9981,23.05
149.0981,23.33
149.1981,22.67
149.2981,22.57
149.3981,21.35
149.4981,19.47
149.5981,16.83
149.6981,12.41
149.7981,10.15
149.8981,14.48
149.9981,17.49
150.0981,20.22
150.1981,22.01
150.2981,22.48
150.3981,24.08
150.4981,23.14
150.5981,23.61
150.6981,23.42
150.7981,23.8
150.8981,23.52
150.9981,23.89
151.0981,23.33
151.1981,23.7
151.2981,23.52
151.3981,23.8
151.4981,23.8
151.5981,23.61
151.6981,24.08
151.7981,23.33
151.8981,23.99
151.9981,23.8
152.0981,23.23
152.1981,23.42
152.2981,23.42
152.3981,23.99
152.4981,24.36
152.5981,23.8
152.6981,23.33
152.7981,22.67
152.8981,23.14
152.9981,24.08
153.0981,24.27
153.1981,22.67
153.2981,23.8
153.3981,23.61
153.4981,23.42
153.5981,24.65
153.6981,23.89
153.7981,23.33
153.8981,24.27
153.9981,23.7
154.0981,24.08
154.1981,24.17
154.2981,23.42
154.3981,23.23
154.4981,22.57
154.5981,22.86
154.6981,23.52
154.7981,24.46
154.8981,23.8
154.9981,22.57
155.0981,22.95
155.1981,23.52
155.2981,22.29
155.3981,21.16
155.4981,18.9
155.5981,15.52
155.6981,11.0
155.7981,11.94
155.8981,16.55
155.9981,20.03
156.0981,21.45
156.1981,22.67
156.2981,23.14
156.3981,22.48
156.4981,22.1
156.5981,23.7
156.6981,23.33
156.7981,23.99
156.8981,22.86
156.9981,23.33
157.0981,23.7
157.1981,23.52
157.2981,23.52
157.3981,23.61
157.4981,23.61
157.5981,24.08
157.6981,23.99
157.7981,23.23
157.8981,23.33
157.9981,24.65
158.0981,24.27
158.1981,23.89
158.2981,23.99
158.3981,24.46
158.4981,24.55
158.5981,23.33
158.6981,23.14
158.7981,22.76
158.8981,22.95
158.9981,24.46
159.0981,23.33
159.1981,23.33
159.2981,23.23
159.3981,23.89
159.4981,22.76
159.5981,24.08
159.6981,24.36
159.7981,23.61
159.8981,24.08
159.9981,23.99
160.0981,24.65
160.1981,24.27
160.2981,24.08
160.3981,23.99
160.4981,23.42
160.5981,23.33
160.6981,22.2
160.7981,24.27
160.8981,23.89
160.9981,22.76
161.0981,23.33
161.1981,23.89
161.2981,22.67
161.3981,20.88
161.4981,17.49
161.5981,14.57
161.6981,10.06
161.7981,11.85
161.8981,17.68
161.9981,19.94
162.0981,21.35
162.1981,23.52
162.2981,23.99
162.3981,23.8
162.4981,23.42
162.5981,23.05
162.6981,23.14
162.7981,24.17
162.8981,23.52
162.9981,23.33
163.0981,22.67
163.1981,23.52
163.2981,24.17
163.3981,23.52
163.4981,23.7
163.5981,23.61
163.6981,23.52
163.7981,23.23
163.8981,24.17
163.9981,23.23
164.0981,23.8
164.1981,23.23
164.2981,23.05
164.3981,24.36
164.4981,24.27
164.5981,23.23
164.6981,24.27
164.7981,23.33
164.8981,24.36
164.9981,24.08
165.0981,24.65
165.1981,23.52
165.2981,23.7
165.3981,24.65
165.4981,23.89
165.5981,23.7
165.6981,23.23
165.7981,22.86
165.8981,23.23
165.9981,24.55
166.0981,23.8
166.1981,23.14
166.2981,23.7
166.3981,22.86
166.4981,23.05
166.5981,22.95
166.6981,22.67
166.7981,23.42
166.8981,23.33
166.9981,24.55
167.0981,24.08
167.1981,22.67
167.2981,22.76
167.3981,19.85
167.4981,16.83
167.5981,14.1
167.6981,10.9
167.7981,15.05
167.8981,18.43
167.9981,21.16
168.0981,23.05
168.1981,23.61
168.2981,23.61
168.3981,23.23
168.4981,22.86
168.5981,23.61
168.6981,23.61
168.7981,23.05
168.8981,23.89
168.9981,23.14
169.0981,23.14
169.1981,22.76
169.2981,24.65
169.3981,23.52
169.4981,23.61
169.5981,23.89
169.6981,23.89
169.7981,24.27
169.8981,23.33
169.9981,23.23
170.0981,23.14
170.1981,23.7
170.2981,23.33
170.3981,24.55
170.4981,24.08
170.5981,23.33
170.6981,23.8
170.7981,24.36
170.8981,24.46
170.9981,23.61
171.0981,23.05
171.1981,23.14
171.2981,24.17
171.3981,23.42
171.4981,23.05
171.5981,23.99
171.6981,22.95
171.7981,24.08
171.8981,23.33
171.9981,23.89
172.0981,23.8
172.1981,23.23
172.2981,23.61
172.3981,23.99
172.4981,23.8
172.5981,23.7
172.6981,23.61
172.7981,23.7
172.8981,24.27
172.9981,24.36
173.0981,24.08
173.1981,22.76
173.2981,21.45
173.3981,20.32
173.4981,16.08
173.5981,11.37
173.6981,10.62
173.7981,15.61
173.8981,18.9
173.9981,20.5
174.0981,23.42
174.1981,23.14
174.2981,23.52
174.3981,23.8
174.4981,23.33
174.5981,23.8
174.6981,24.27
174.7981,23.61
174.8981,23.7
174.9981,23.61
175.0981,23.99
175.1981,24.27
175.2981,23.8
175.3981,23.99
175.4981,23.99
175.5981,24.46
175.6981,23.61
175.7981,23.61
175.8981,23.61
175.9981,23.89
176.0981,23.99
176.1981,23.89
176.2981,23.33
176.3981,24.36
176.4981,24.36
176.5981,23.89
176.6981,24.17
176.7981,23.99
176.8981,22.39
176.9981,23.7
177.0981,23.61
177.1981,24.27
177.2981,23.8
177.3981,23.33
177.4981,23.52
177.5981,23.89
177.6981,24.27
177.7981,23.89
177.8981,23.8
177.9981,23.99
178.0981,23.52
178.1981,24.46
178.2981,24.08
178.3981,23.61
178.4981,24.46
178.5981,23.8
178.6981,24.17
178.7981,23.23
178.8981,22.76
178.9981,22.86
179.0981,23.14
179.1981,21.92
179.2981,20.13
179.3981,18.53
179.4981,15.33
179.5981,10.25
179.6981,12.88
179.7981,17.87
179.8981,19.85
179.9981,21.92
180.0981,22.2
180.1981,23.8
180.2981,23.05
180.3981,23.89
180.4981,22.95
180.5981,23.7
180.6981,23.61
180.7981,23.89
180.8981,23.99
180.9981,23.8
181.0981,23.8
181.1981,24.65
181.2981,23.7
181.3981,23.42
181.4981,23.14
181.5981,23.89
181.6981,23.14
181.7981,23.52
181.8981,23.61
181.9981,23.99
182.0981,23.89
182.1981,23.52
182.2981,23.7
182.3981,23.52
182.4981,23.89
182.5981,23.99
182.6981,23.8
182.7981,23.14
182.8981,24.08
182.9981,23.52
183.0981,23.33
183.1981,24.27
183.2981,24.27
183.3981,23.89
183.4981,24.08
183.5981,23.42
183.6981,24.27
183.7981,24.55
183.8981,24.27
183.9981,23.89
184.0981,23.61
184.1981,23.42
184.2981,24.08
184.3981,23.61
184.4981,23.05
184.5981,23.52
184.6981,24.27
184.7981,23.89
184.8981,23.52
184.9981,23.89
185.0981,23.61
185.1981,21.63
185.2981,20.32
185.3981,16.55
185.4981,13.35
185.5981,11.0
185.6981,15.23
185.7981,19.37
185.8981,21.26
185.9981,21.54
186.0981,22.39
186.1981,23.33
186.2981,24.65
186.3981,24.93
186.4981,23.89
186.5981,23.99
186.6981,23.23
186.7981,23.7
186.8981,23.89
186.9981,23.42
187.0981,24.17
187.1981,23.61
187.2981,23.7
187.3981,23.23
187.4981,23.61
187.5981,22.86
187.6981,24.17
187.7981,22.86
187.8981,23.42
187.9981,23.61
188.0981,23.7
188.1981,24.08
188.2981,23.7
188.3981,24.65
188.4981,24.27
188.5981,23.14
188.6981,23.89
188.7981,24.46
188.8981,23.89
188.9981,23.8
189.0981,24.36
189.1981,24.17
189.2981,24.17
189.3981,23.52
189.4981,22.95
189.5981,22.95
189.6981,23.8
189.7981,24.27
189.8981,23.52
189.9981,23.42
190.0981,24.36
190.1981,23.8
190.2981,23.52
190.3981,24.27
190.4981,23.7
190.5981,23.52
190.6981,22.57
190.7981,23.42
190.8981,23.99
190.9981,24.46
191.0981,23.89
191.1981,22.39
191.2981,19.66
191.3981,16.27
191.4981,11.09
191.5981,11.09
191.6981,15.61
191.7981,18.53
191.8981,21.07
191.9981,22.76
192.0981,23.05
192.1981,23.99
192.2981,23.52
192.3981,23.33
192.4981,23.33
192.5981,23.42
192.6981,24.27
192.7981,23.8
192.8981,24.17
192.9981,22.67
193.0981,23.8
193.1981,24.46
193.2981,23.89
193.3981,23.14
193.4981,23.7
193.5981,24.08
193.6981,23.7
193.7981,23.89
193.8981,23.33
193.9981,23.7
194.0981,23.33
194.1981,23.05
194.2981,23.52
194.3981,23.7
194.4981,23.8
194.5981,23.52
194.6981,23.52
194.7981,24.36
194.8981,24.46
194.9981,23.89
195.0981,23.14
195.1981,24.65
195.2981,23.99
195.3981,24.08
195.4981,23.23
195.5981,24.27
195.6981,23.99
195.7981,23.99
195.8981,24.65
195.9981,23.8
196.0981,24.27
196.1981,24.55
196.2981,24.36
196.3981,23.99
196.4981,23.05
196.5981,23.33
196.6981,23.14
196.7981,23.8
196.8981,23.7
196.9981,23.61
197.0981,22.01
197.1981,21.16
197.2981,18.25
197.3981,14.86
197.4981,10.15
197.5981,12.22
197.6981,16.74
197.7981,19.47
197.8981,22.1
197.9981,23.52
198.0981,23.89
198.1981,24.27
198.2981,24.27
198.3981,23.8
198.4981,23.42
198.5981,23.23
198.6981,24.36
198.7981,22.95
198.8981,24.27
198.9981,23.33
199.0981,23.7
199.1981,23.8
199.2981,24.17
199.3981,22.95
199.4981,23.8
199.5981,23.61
199.6981,23.52
199.7981,23.89
199.8981,23.52
199.9981,23.99
200.0981,23.7
200.1981,23.99
200.2981,24.65
200.3981,23.8
200.4981,23.8
200.5981,23.8
200.6981,24.08
200.7981,23.42
200.8981,23.99
200.9981,23.14
201.0981,23.05
201.1981,23.33
201.2981,23.61
201.3981,25.3
201.4981,23.23
201.5981,23.7
201.6981,23.61
201.7981,24.65
201.8981,23.52
201.9981,23.89
202.0981,23.8
202.1981,23.42
202.2981,23.23
202.3981,23.99
202.4981,24.17
202.5981,24.83
202.6981,24.46
202.7981,23.33
202.8981,23.42
202.9981,23.42
203.0981,21.92
203.1981,20.41
203.2981,18.53
203.3981,13.73
203.4981,10.43
203.5981,14.29
203.6981,18.06
203.7981,20.69
203.8981,23.14
203.9981,24.36
204.0981,23.89
204.1981,23.99
204.2981,23.8
204.3981,23.42
204.4981,23.7
204.5981,24.65
204.6981,23.42
204.7981,23.52
204.8981,23.42
204.9981,23.7
205.0981,23.7
205.1981,23.05
205.2981,24.17
205.3981,23.42
205.4981,24.65
205.5981,24.08
205.6981,23.33
205.7981,23.33
205.8981,23.05
205.9981,23.7
206.0981,23.61
206.1981,23.61
206.2981,23.61
206.3981,23.89
206.4981,24.08
206.5981,23.33
206.6981,24.27
206.7981,23.33
206.8981,23.33
206.9981,23.23
207.0981,23.14
207.1981,23.61
207.2981,23.23
207.3981,24.08
207.4981,23.99
207.5981,23.33
207.6981,23.8
207.7981,23.89
207.8981,22.86
207.9981,23.89
208.0981,23.99
208.1981,24.36
208.2981,23.99
208.3981,23.52
208.4981,23.7
208.5981,23.33
208.6981,23.42
208.7981,24.17
208.8981,23.89
208.9981,23.14
209.0981,21.92
209.1981,20.03
209.2981,17.49
209.3981,12.13
209.4981,10.62
209.5981,15.89
209.6981,18.9
209.7981,21.26
209.8981,22.86
209.9981,23.14
210.0981,23.42
210.1981,22.48
210.2981,23.52
210.3981,24.83
210.4981,23.99
210.5981,24.46
210.6981,23.23
210.7981,24.17
210.8981,23.89
210.9981,23.33
211.0981,23.05
211.1981,24.08
211.2981,23.52
211.3981,23.33
211.4981,24.17
211.5981,24.17
211.6981,24.65
211.7981,24.74
211.8981,23.89
211.9981,24.27
212.0981,24.74
212.1981,23.99
212.2981,23.99
212.3981,24.27
212.4981,24.93
212.5981,23.89
212.6981,23.99
212.7981,24.46
212.8981,24.08
212.9981,23.14
213.0981,23.52
213.1981,24.17
213.2981,23.99
213.3981,24.08
213.4981,23.89
213.5981,23.61
213.6981,23.33
213.7981,23.89
213.8981,23.8
213.9981,23.42
214.0981,23.99
214.1981,23.14
214.2981,24.17
214.3981,23.61
214.4981,23.89
214.5981,22.86
214.6981,23.61
214.7981,23.05
214.8981,23.52
214.9981,22.86
215.0981,21.54
215.1981,19.0
215.2981,15.7
215.3981,11.19
215.4981,12.03
215.5981,17.49
215.6981,19.85
215.7981,20.97
215.8981,23.33
215.9981,22.86
216.0981,24.27
216.1981,23.89
216.2981,23.52
216.3981,24.27
216.4981,23.89
216.5981,23.99
216.6981,24.65
216.7981,24.27
216.8981,24.08
216.9981,23.89
217.0981,23.23
217.1981,22.95
217.2981,23.8
217.3981,23.52
217.4981,24.36
217.5981,23.99
217.6981,24.08
217.7981,23.7
217.8981,23.8
217.9981,23.23
218.0981,23.89
218.1981,23.7
218.2981,23.8
218.3981,24.08
218.4981,23.23
218.5981,25.02
218.6981,24.17
218.7981,24.65
218.8981,23.14
218.9981,23.14
219.0981,24.65
219.1981,24.46
219.2981,23.52
219.3981,24.17
219.4981,23.61
219.5981,24.17
219.6981,24.27
219.7981,23.99
219.8981,24.17
219.9981,23.99
220.0981,23.61
220.1981,23.52
220.2981,23.99
220.3981,23.89
220.4981,23.42
220.5981,24.27
220.6981,24.08
220.7981,24.17
220.8981,22.95
220.9981,22.1
221.0981,20.22
221.1981,18.15
221.2981,13.73
221.3981,10.15
221.4981,13.92
221.5981,16.55
221.6981,20.41
221.7981,22.29
221.8981,23.14
221.9981,24.17
222.0981,24.36
222.1981,24.27
222.2981,23.8
222.3981,23.7
222.4981,23.89
222.5981,24.65
222.6981,23.89
222.7981,23.23
222.8981,23.52
222.9981,22.86
223.0981,23.7
223.1981,23.8
223.2981,24.08
223.3981,23.52
223.4981,23.89
223.5981,24.17
223.6981,24.46
223.7981,23.14
223.8981,23.61
223.9981,24.83
224.0981,24.36
224.1981,24.55
224.2981,23.8
224.3981,23.99
224.4981,24.17
224.5981,23.99
224.6981,24.46
224.7981,24.46
224.8981,23.23
224.9981,24.36
225.0981,24.08
225.1981,24.36
225.2981,24.36
225.3981,24.27
225.4981,23.61
225.5981,23.61
225.6981,23.7
225.7981,25.68
225.8981,24.27
225.9981,24.17
226.0981,24.27
226.1981,23.7
226.2981,23.99
226.3981,23.8
226.4981,23.61
226.5981,23.7
226.6981,24.27
226.7981,23.33
226.8981,22.86
226.9981,22.29
227.0981,19.94
227.1981,16.55
227.2981,12.88
227.3981,10.72
227.4981,15.7
227.5981,19.47
227.6981,21.73
227.7981,23.7
227.8981,24.55
227.9981,24.55
228.0981,24.46
228.1981,24.65
228.2981,23.89
228.3981,24.27
228.4981,24.08
228.5981,23.7
228.6981,24.46
228.7981,24.55
228.8981,24.36
228.9981,22.95
229.0981,23.33
229.1981,23.8
229.2981,23.7
229.3981,23.8
229.4981,24.27
229.5981,24.55
229.6981,24.08
229.7981,24.55
229.8981,24.83
229.9981,23.7
230.0981,24.36
230.1981,24.93
230.2981,24.46
230.3981,24.08
230.4981,24.36
230.5981,23.7
230.6981,23.99
230.7981,24.55
230.8981,22.95
230.9981,24.17
231.0981,23.89
231.1981,24.93
231.2981,24.08
231.3981,25.02
231.4981,24.74
231.5981,24.17
231.6981,24.36
231.7981,25.59
231.8981,24.93
231.9981,24.93
232.0981,25.4
232.1981,24.08
232.2981,24.36
232.3981,24.27
232.4981,25.21
232.5981,25.4
232.6981,24.17
232.7981,23.7
232.8981,23.89
232.9981,22.1
233.0981,19.66
233.1981,17.12
233.2981,11.28
233.3981,12.5
233.4981,17.4
233.5981,21.26
233.6981,22.2
233.7981,23.99
233.8981,24.46
233.9981,24.27
234.0981,25.12
234.1981,25.4
234.2981,23.99
234.3981,24.74
234.4981,24.65
234.5981,23.89
234.6981,24.36
234.7981,24.65
234.8981,24.27
234.9981,24.46
235.0981,25.12
235.1981,24.65
235.2981,25.21
235.3981,25.4
235.4981,25.59
235.5981,24.65
235.6981,25.68
235.7981,24.83
235.8981,24.55
235.9981,24.93
236.0981,24.65
236.1981,25.02
236.2981,24.93
236.3981,24.36
236.4981,24.83
236.5981,25.21
236.6981,25.12
236.7981,25.4
236.8981,25.49
236.9981,24.55
237.0981,25.4
237.1981,25.49
237.2981,25.68
237.3981,24.93
237.4981,24.65
237.5981,25.59
237.6981,25.3
237.7981,25.96
237.8981,25.02
237.9981,25.02
238.0981,24.65
238.1981,25.02
238.2981,25.68
238.3981,25.02
238.4981,25.68
238.5981,26.24
238.6981,24.46
238.7981,25.02
238.8981,24.08
238.9981,22.2
239.0981,19.0
239.1981,15.33
239.2981,11.37
239.3981,14.76
239.4981,18.53
239.5981,21.63
239.6981,23.7
239.7981,24.36
239.8981,25.12
239.9981,25.4
240.0981,24.08
240.1981,24.74
240.2981,24.55
240.3981,25.49
240.4981,24.74
240.5981,25.12
240.6981,25.4
240.7981,25.12
240.8981,25.02
240.9981,25.02
241.0981,25.49
241.1981,24.93
241.2981,25.02
241.3981,23.99
241.4981,24.17
241.5981,24.55
241.6981,24.46
241.7981,25.02
241.8981,24.93
241.9981,24.36
242.0981,24.46
242.1981,23.89
242.2981,24.55
242.3981,24.65
242.4981,24.74
242.5981,25.21
242.6981,24.93
242.7981,24.74
242.8981,24.83
242.9981,25.02
243.0981,24.83
243.1981,25.12
243.2981,24.74
243.3981,25.3
243.4981,24.17
243.5981,24.83
243.6981,24.46
243.7981,24.93
243.8981,24.83
243.9981,25.4
244.0981,24.83
244.1981,24.93
244.2981,25.87
244.3981,24.83
244.4981,24.74
244.5981,25.68
244.6981,24.36
244.7981,24.08
244.8981,23.23
244.9981,21.07
245.0981,17.4
245.1981,13.16
245.2981,10.62
245.3981,16.17
245.4981,19.37
245.5981,21.54
245.6981,22.48
245.7981,24.08
245.8981,24.93
245.9981,25.68
246.0981,25.21
246.1981,24.83
246.2981,25.49
246.3981,24.65
246.4981,24.46
246.5981,25.49
246.6981,25.12
246.7981,24.46
246.8981,24.93
246.9981,25.12
247.0981,25.68
247.1981,24.27
247.2981,25.02
247.3981,24.55
247.4981,24.27
247.5981,24.65
247.6981,24.55
247.7981,24.36
247.8981,24.55
247.9981,25.02
248.0981,25.4
248.1981,24.36
248.2981,24.83
248.3981,24.83
248.4981,25.59
248.5981,24.55
248.6981,24.93
248.7981,25.21
248.8981,25.4
248.9981,24.55
249.0981,25.21
249.1981,25.59
249.2981,24.27
249.3981,24.27
249.4981,24.65
249.5981,24.17
249.6981,25.02
249.7981,24.93
249.8981,24.65
249.9981,25.4
250.0981,24.46
250.1981,25.12
250.2981,24.46
250.3981,25.3
250.4981,24.93
250.5981,25.21
250.6981,24.93
250.7981,24.27
250.8981,22.2
250.9981,19.37
251.0981,16.65
251.1981,11.75
251.2981,12.69
251.3981,17.96
251.4981,20.32
251.5981,23.05
251.6981,24.27
251.7981,25.77
251.8981,24.36
251.9981,25.02
252.0981,24.93
252.1981,24.93
252.2981,25.4
252.3981,25.77
252.4981,24.93
252.5981,24.08
252.6981,24.08
252.7981,23.8
252.8981,23.89
252.9981,24.46
253.0981,24.08
253.1981,23.99
253.2981,24.93
253.3981,25.21
253.4981,25.49
253.5981,24.08
253.6981,24.27
253.7981,25.49
253.8981,24.93
253.9981,25.87
254.0981,25.21
254.1981,24.74
254.2981,25.02
254.3981,25.68
254.4981,25.12
254.5981,25.21
254.6981,24.83
254.7981,24.83
254.8981,25.12
254.9981,24.46
255.0981,24.17
255.1981,25.12
255.2981,25.4
255.3981,23.99
255.4981,25.02
255.5981,25.12
255.6981,24.74
255.7981,24.93
255.8981,25.21
255.9981,25.02
256.0981,25.21
256.1981,25.3
256.2981,25.59
256.3981,25.12
256.4981,24.93
256.5981,25.49
256.6981,25.3
256.7981,23.42
256.8981,22.57
256.9981,19.56
257.0981,15.42
257.1981,10.43
257.2981,13.54
257.3981,18.72
257.4981,20.6
257.5981,23.33
257.6981,23.33
257.7981,24.74
257.8981,24.83
257.9981,24.46
258.0981,25.49
258.1981,25.4
258.2981,25.49
258.3981,25.02
258.4981,25.21
258.5981,23.61
258.6981,25.12
258.7981,25.96
258.8981,25.68
258.9981,25.02
259.0981,25.21
259.1981,25.21
259.2981,25.59
259.3981,25.3
259.4981,24.83
259.5981,25.3
259.6981,24.93
259.7981,24.55
259.8981,24.65
259.9981,25.49
260.0981,24.65
260.1981,23.89
260.2981,24.83
260.3981,23.99
260.4981,25.59
260.5981,25.4
260.6981,24.36
260.7981,24.83
260.8981,25.21
260.9981,24.36
261.0981,25.49
261.1981,25.21
261.2981,24.74
261.3981,25.12
261.4981,25.12
261.5981,24.83
261.6981,25.96
261.7981,25.4
261.8981,26.53
261.9981,24.93
262.0981,24.83
262.1981,25.96
262.2981,25.59
262.3981,25.49
262.4981,24.27
262.5981,24.65
262.6981,24.65
262.7981,22.95
262.8981,21.63
262.9981,17.87
263.0981,13.54
263.1981,11.0
263.2981,15.42
263.3981,19.47
263.4981,22.01
263.5981,23.42
263.6981,25.12
263.7981,25.4
263.8981,24.27
263.9981,25.3
264.0981,25.02
264.1981,25.02
264.2981,25.02
264.3981,24.83
264.4981,24.36
264.5981,24.46
264.6981,24.83
264.7981,24.74
264.8981,24.74
264.9981,25.3
265.0981,25.3
265.1981,25.59
265.2981,25.21
265.3981,25.12
265.4981,25.3
265.5981,25.87
265.6981,25.02
265.7981,25.3
265.8981,25.96
265.9981,25.02
266.0981,24.74
266.1981,25.68
266.2981,26.06
266.3981,24.93
266.4981,25.49
266.5981,25.59
266.6981,25.12
266.7981,25.87
266.8981,24.74
266.9981,24.83
267.0981,24.83
267.1981,25.02
267.2981,25.49
267.3981,26.15
267.4981,25.87
267.5981,25.77
267.6981,25.77
267.7981,25.59
267.8981,25.59
267.9981,25.59
268.0981,25.49
268.1981,25.02
268.2981,25.12
268.3981,24.55
268.4981,25.59
268.5981,25.3
268.6981,23.7
268.7981,22.48
268.8981,20.32
268.9981,17.4
269.0981,12.69
269.1981,12.79
269.2981,18.06
269.3981,20.79
269.4981,22.86
269.5981,24.27
269.6981,25.3
269.7981,25.4
269.8981,25.4
269.9981,25.3
270.0981,25.4
270.1981,26.15
270.2981,25.68
270.3981,26.43
270.4981,25.68
270.5981,25.49
270.6981,25.49
270.7981,25.3
270.8981,24.93
270.9981,25.87
271.0981,25.21
271.1981,25.4
271.2981,25.21
271.3981,25.12
271.4981,25.49
271.5981,25.4
271.6981,25.3
271.7981,25.77
271.8981,25.4
271.9981,25.02
272.0981,25.12
272.1981,25.3
272.2981,25.77
272.3981,25.21
272.4981,25.3
272.5981,26.34
272.6981,24.93
272.7981,25.21
272.8981,25.96
272.9981,25.96
273.0981,25.12
273.1981,25.4
273.2981,24.93
273.3981,24.93
273.4981,24.93
273.5981,25.21
273.6981,25.68
273.7981,26.81
273.8981,26.15
273.9981,25.4
274.0981,25.3
274.1981,25.12
274.2981,25.12
274.3981,25.02
274.4981,25.68
274.5981,25.4
274.6981,24.74
274.7981,22.67
274.8981,20.13
274.9981,16.74
275.0981,12.32
275.1981,14.57
275.2981,18.9
275.3981,21.92
275.4981,23.8
275.5981,24.74
275.6981,25.21
275.7981,25.59
275.8981,25.21
275.9981,25.12
276.0981,25.4
276.1981,25.59
276.2981,25.02
276.3981,25.96
276.4981,25.59
276.5981,24.55
276.6981,25.4
276.7981,25.21
276.8981,25.68
276.9981,25.02
277.0981,25.3
277.1981,25.02
277.2981,25.68
277.3981,24.93
277.4981,25.96
277.5981,24.93
277.6981,25.3
277.7981,25.3
277.8981,24.93
277.9981,24.93
278.0981,25.3
278.1981,25.96
278.2981,26.43
278.3981,26.43
278.4981,25.49
278.5981,25.49
278.6981,25.4
278.7981,26.06
278.8981,25.3
278.9981,24.65
279.0981,25.4
279.1981,26.06
279.2981,26.43
279.3981,26.15
279.4981,25.68
279.5981,25.49
279.6981,25.21
279.7981,25.02
279.8981,25.87
279.9981,26.53
280.0981,26.06
280.1981,25.96
280.2981,25.02
280.3981,25.12
280.4981,24.65
280.5981,25.4
280.6981,23.52
280.7981,22.01
280.8981,19.28
280.9981,14.76
281.0981,11.66
281.1981,16.55
281.2981,20.13
281.3981,22.29
281.4981,24.36
281.5981,25.12
281.6981,25.3
281.7981,26.15
281.8981,25.77
281.9981,25.77
282.0981,25.59
282.1981,25.49
282.2981,25.77
282.3981,25.68
282.4981,25.96
282.5981,26.06
282.6981,25.3
282.7981,25.59
282.8981,25.96
282.9981,25.77
283.0981,25.4
283.1981,25.68
283.2981,25.12
283.3981,25.12
283.4981,25.02
283.5981,25.59
283.6981,25.77
283.7981,25.77
283.8981,25.59
283.9981,25.77
284.0981,25.77
284.1981,27.09
284.2981,25.68
284.3981,25.68
284.4981,25.68
284.5981,25.96
284.6981,26.06
284.7981,25.68
284.8981,26.15
284.9981,25.77
285.0981,24.93
285.1981,25.68
285.2981,25.49
285.3981,25.87
285.4981,25.68
285.5981,25.96
285.6981,25.49
285.7981,25.12
285.8981,25.59
285.9981,25.12
286.0981,25.96
286.1981,26.62
286.2981,25.3
286.3981,25.87
286.4981,25.4
286.5981,25.12
286.6981,23.33
286.7981,20.88
286.8981,18.9
286.9981,13.35
287.0981,13.16
287.1981,17.4
287.2981,20.79
287.3981,22.86
287.4981,24.17
287.5981,25.49
287.6981,25.49
287.7981,25.68
287.8981,25.4
287.9981,25.68
288.0981,27.19
288.1981,25.68
288.2981,26.06
288.3981,25.68
288.4981,25.96
288.5981,26.06
288.6981,26.06
288.7981,25.87
288.8981,25.68
288.9981,25.02
289.0981,24.93
289.1981,26.24
289.2981,25.12
289.3981,25.68
289.4981,25.68
289.5981,25.21
289.6981,25.3
289.7981,25.68
289.8981,25.21
289.9981,25.49
290.0981,26.06
290.1981,25.3
290.2981,25.12
290.3981,25.3
290.4981,25.4
290.5981,25.96
290.6981,25.3
290.7981,25.87
290.8981,25.68
290.9981,25.87
291.0981,25.59
291.1981,25.02
291.2981,26.43
291.3981,25.49
291.4981,25.68
291.5981,25.59
291.6981,25.87
291.7981,26.15
291.8981,25.68
291.9981,26.15
292.0981,25.96
292.1981,26.43
292.2981,25.21
292.3981,25.96
292.4981,24.46
292.5981,24.17
292.6981,22.57
292.7981,19.94
292.8981,16.36
292.9981,11.37
293.0981,13.73
293.1981,19.0
293.2981,22.1
293.3981,23.61
293.4981,25.21
293.5981,24.55
293.6981,25.49
293.7981,25.3
293.8981,26.06
293.9981,24.65
294.0981,24.74
294.1981,26.24
294.2981,25.59
294.3981,25.3
294.4981,24.83
294.5981,25.49
294.6981,25.77
294.7981,25.21
294.8981,25.77
294.9981,25.3
295.0981,26.15
295.1981,25.4
295.2981,25.68
295.3981,25.49
295.4981,25.3
295.5981,25.68
295.6981,25.96
295.7981,25.96
295.8981,25.68
295.9981,26.15
296.0981,25.59
296.1981,25.87
296.2981,25.87
296.3981,25.59
296.4981,26.34
296.5981,26.15
296.6981,26.34
296.7981,27.0
296.8981,25.96
296.9981,25.59
297.0981,26.43
297.1981,25.68
297.2981,25.87
297.3981,26.53
297.4981,25.49
297.5981,25.87
297.6981,26.06
297.7981,26.06
297.8981,25.87
297.9981,25.49
298.0981,26.81
298.1981,26.06
298.2981,24.93
298.3981,24.65
298.4981,24.65
298.5981,23.14
298.6981,22.39
298.7981,19.19
298.8981,13.82
298.9981,10.53
299.8981,14.76
299.9981,11.09
300.0981,14.95
300.1981,19.56
300.2981,22.1
300.3981,23.61
300.4981,25.21
300.5981,25.87
300.6981,25.3
300.7981,24.55
300.8981,25.96
300.9981,25.49
301.0981,26.15
301.1981,26.53
301.2981,26.72
301.3981,26.43
301.4981,25.87
301.5981,26.24
301.6981,26.53
301.7981,25.96
301.8981,26.43
301.9981,26.06
302.0981,26.06
302.1981,26.15
302.2981,25.68
302.3981,26.43
302.4981,26.06
302.5981,26.15
302.6981,25.96
302.7981,25.68
302.8981,26.24
302.9981,26.81
303.0981,25.59
303.1981,25.3
303.2981,25.87
303.3981,25.87
303.4981,26.06
303.5981,25.96
303.6981,26.72
303.7981,26.24
303.8981,25.87
303.9981,26.34
304.0981,26.24
304.1981,25.77
304.2981,26.24
304.3981,26.72
304.4981,26.62
304.5981,25.59
304.6981,26.43
304.7981,26.62
304.8981,25.68
304.9981,25.96
305.0981,25.77
305.1981,26.34
305.2981,25.59
305.3981,25.49
305.4981,25.59
305.5981,23.61
305.6981,22.01
305.7981,18.81
305.8981,14.39
305.9981,12.97
306.0981,17.68
306.1981,21.73
306.2981,23.52
306.3981,24.74
306.4981,24.93
306.5981,26.34
306.6981,25.49
306.7981,25.96
306.8981,26.81
306.9981,26.81
307.0981,26.24
307.1981,26.43
307.2981,26.34
307.3981,25.87
307.4981,26.24
307.5981,26.24
307.6981,26.15
307.7981,25.96
307.8981,26.62
307.9981,26.43
308.0981,25.21
308.1981,26.06
308.2981,26.15
308.3981,26.15
308.4981,25.96
308.5981,25.68
308.6981,25.21
308.7981,25.59
308.8981,26.62
308.9981,25.87
309.0981,27.0
309.1981,25.77
309.2981,25.87
309.3981,25.96
309.4981,25.96
309.5981,25.77
309.6981,26.15
309.7981,26.15
309.8981,26.62
309.9981,26.06
310.0981,25.59
310.1981,25.21
310.2981,25.68
310.3981,26.34
310.4981,26.34
310.5981,25.87
310.6981,26.62
310.7981,25.77
310.8981,26.06
310.9981,25.4
311.0981,26.53
311.1981,26.06
311.2981,25.87
311.3981,25.21
311.4981,25.02
311.5981,24.08
311.6981,20.69
311.7981,17.02
311.8981,12.32
311.9981,13.45
312.0981,18.62
312.1981,23.05
312.2981,24.83
312.3981,25.21
312.4981,25.87
312.5981,26.24
312.6981,25.68
312.7981,26.34
312.8981,26.53
312.9981,26.06
313.0981,25.68
313.1981,26.53
313.2981,26.15
313.3981,26.43
313.4981,26.06
313.5981,25.96
313.6981,25.4
313.7981,25.49
313.8981,25.59
313.9981,26.53
314.0981,26.34
314.1981,26.34
314.2981,25.77
314.3981,25.59
314.4981,26.06
314.5981,26.06
314.6981,25.4
314.7981,25.77
314.8981,25.59
314.9981,25.96
315.0981,26.24
315.1981,24.93
315.2981,25.87
315.3981,25.87
315.4981,25.96
315.5981,25.68
315.6981,27.19
315.7981,26.34
315.8981,26.06
315.9981,25.96
316.0981,26.06
316.1981,26.43
316.2981,26.06
316.3981,25.77
316.4981,25.68
316.5981,26.24
316.6981,25.3
316.7981,25.59
316.8981,25.96
316.9981,25.96
317.0981,26.43
317.1981,26.15
317.2981,26.43
317.3981,24.74
317.4981,25.21
317.5981,24.08
317.6981,20.5
317.7981,16.36
317.8981,12.13
317.9981,15.7
318.0981,20.22
318.1981,22.86
318.2981,23.42
318.3981,25.59
318.4981,25.96
318.5981,25.77
318.6981,25.21
318.7981,24.93
318.8981,25.96
318.9981,25.87
319.0981,26.06
319.1981,25.4
319.2981,26.24
319.3981,25.87
319.4981,25.87
319.5981,26.34
319.6981,26.53
319.7981,26.06
319.8981,26.06
319.9981,25.87
320.0981,25.21
320.1981,26.43
320.2981,26.43
320.3981,25.4
320.4981,26.24
320.5981,26.62
320.6981,25.96
320.7981,25.87
320.8981,27.0
320.9981,26.43
321.0981,26.24
321.1981,27.09
321.2981,26.9
321.3981,26.81
321.4981,25.96
321.5981,25.68
321.6981,25.96
321.7981,25.59
321.8981,26.43
321.9981,26.81
322.0981,25.02
322.1981,25.68
322.2981,25.49
322.3981,26.43
322.4981,26.53
322.5981,27.0
322.6981,26.24
322.7981,26.06
322.8981,26.9
322.9981,25.59
323.0981,25.87
323.1981,26.34
323.2981,25.96
323.3981,25.21
323.4981,23.61
323.5981,22.01
323.6981,19.37
323.7981,14.76
323.8981,13.45
323.9981,18.25
324.0981,20.32
324.1981,23.7
324.2981,25.3
324.3981,26.43
324.4981,26.43
324.5981,26.34
324.6981,26.06
324.7981,26.43
324.8981,25.96
324.9981,25.3
325.0981,26.15
325.1981,26.15
325.2981,26.34
325.3981,25.77
325.4981,26.9
325.5981,26.43
325.6981,26.53
325.7981,26.43
325.8981,26.72
325.9981,26.06
326.0981,26.06
326.1981,26.81
326.2981,26.34
326.3981,25.96
326.4981,25.3
326.5981,25.21
326.6981,25.77
326.7981,25.96
326.8981,25.87
326.9981,25.87
327.0981,26.72
327.1981,25.96
327.2981,25.96
327.3981,25.21
327.4981,26.34
327.5981,26.34
327.6981,26.34
327.7981,25.96
327.8981,26.34
327.9981,25.87
328.0981,25.87
328.1981,26.15
328.2981,26.34
328.3981,26.15
328.4981,25.87
328.5981,26.15
328.6981,26.43
328.7981,25.68
328.8981,25.49
328.9981,25.49
329.0981,25.96
329.1981,25.3
329.2981,25.59
329.3981,24.46
329.4981,23.42
329.5981,22.48
329.6981,18.43
329.7981,13.92
329.8981,14.48
329.9981,19.37
330.0981,21.63
330.1981,23.7
330.2981,24.36
330.3981,27.28
330.4981,26.81
330.5981,26.24
330.6981,26.62
330.7981,25.96
330.8981,27.37
330.9981,26.24
331.0981,26.81
331.1981,25.87
331.2981,26.24
331.3981,25.77
331.4981,26.9
331.5981,25.87
331.6981,25.68
331.7981,26.24
331.8981,25.87
331.9981,25.49
332.0981,26.24
332.1981,25.02
332.2981,25.68
332.3981,25.59
332.4981,25.87
332.5981,26.06
332.6981,26.43
332.7981,26.72
332.8981,26.34
332.9981,25.68
333.0981,26.43
333.1981,26.53
333.2981,27.09
333.3981,25.59
333.4981,26.43
333.5981,26.72
333.6981,25.77
333.7981,25.87
333.8981,26.53
333.9981,26.53
334.0981,25.87
334.1981,25.87
334.2981,26.53
334.3981,25.4
334.4981,26.53
334.5981,26.34
334.6981,26.24
334.7981,26.06
334.8981,25.77
334.9981,25.59
335.0981,25.87
335.1981,25.77
335.2981,25.59
335.3981,24.46
335.4981,22.67
335.5981,19.47
335.6981,16.46
335.7981,12.13
335.8981,15.14
335.9981,19.85
336.0981,22.57
336.1981,24.83
336.2981,25.3
336.3981,26.24
336.4981,25.77
336.5981,25.68
336.6981,25.68
336.7981,26.43
336.8981,26.53
336.9981,26.72
337.0981,26.15
337.1981,25.4
337.2981,26.34
337.3981,26.43
337.4981,26.24
337.5981,25.87
337.6981,24.46
337.7981,26.24
337.8981,26.06
337.9981,26.15
338.0981,26.43
338.1981,26.62
338.2981,25.96
338.3981,25.87
338.4981,25.87
338.5981,25.4
338.6981,26.53
338.7981,26.24
338.8981,25.77
338.9981,26.24
339.0981,26.24
339.1981,26.06
339.2981,25.59
339.3981,25.87
339.4981,26.53
339.5981,26.62
339.6981,26.34
339.7981,26.24
339.8981,26.62
339.9981,27.56
340.0981,26.06
340.1981,26.34
340.2981,26.53
340.3981,26.15
340.4981,25.96
340.5981,26.53
340.6981,26.53
340.7981,25.96
340.8981,26.72
340.9981,25.77
341.0981,25.68
341.1981,26.24
341.2981,25.77
341.3981,24.08
341.4981,22.01
341.5981,19.94
341.6981,14.95
341.7981,13.16
341.8981,17.59
341.9981,21.73
342.0981,23.33
342.1981,24.93
342.2981,26.06
342.3981,25.87
342.4981,25.87
342.5981,26.24
342.6981,25.77
342.7981,25.21
342.8981,26.72
342.9981,26.62
343.0981,25.87
343.1981,25.68
343.2981,26.53
343.3981,26.43
343.4981,26.24
343.5981,26.24
343.6981,24.65
343.7981,25.87
343.8981,26.15
343.9981,26.62
344.0981,26.72
344.1981,25.59
344.2981,25.49
344.3981,26.24
344.4981,27.09
344.5981,25.87
344.6981,26.62
344.7981,27.09
344.8981,26.9
344.9981,26.72
345.0981,26.24
345.1981,25.77
345.2981,27.0
345.3981,26.24
345.4981,26.81
345.5981,26.62
345.6981,26.06
345.7981,25.68
345.8981,25.77
345.9981,26.15
346.0981,27.0
346.1981,26.72
346.2981,25.49
346.3981,25.77
346.4981,26.34
346.5981,25.96
346.6981,26.72
346.7981,26.24
346.8981,26.62
346.9981,25.96
347.0981,26.24
347.1981,26.34
347.2981,25.3
347.3981,24.36
347.4981,21.82
347.5981,18.9
347.6981,13.26
347.7981,13.73
347.8981,18.9
347.9981,22.01
348.0981,24.74
348.1981,25.21
348.2981,26.43
348.3981,27.0
348.4981,26.81
348.5981,26.53
348.6981,26.34
348.7981,26.43
348.8981,25.96
348.9981,26.34
349.0981,25.3
349.1981,26.34
349.2981,25.96
349.3981,27.37
349.4981,27.09
349.5981,27.09
349.6981,26.72
349.7981,26.34
349.8981,25.49
349.9981,27.19
350.0981,26.24
350.1981,25.68
350.2981,25.87
350.3981,27.0
350.4981,25.96
350.5981,26.43
350.6981,26.15
350.7981,26.06
350.8981,26.72
350.9981,25.49
351.0981,26.43
351.1981,26.43
351.2981,26.06
351.3981,25.68
351.4981,26.15
351.5981,26.81
351.6981,25.59
351.7981,26.43
351.8981,26.06
351.9981,27.19
352.0981,26.72
352.1981,26.81
352.2981,26.06
352.3981,26.81
352.4981,26.15
352.5981,26.81
352.6981,25.21
352.7981,26.24
352.8981,26.15
352.9981,26.34
353.0981,26.06
353.1981,25.87
353.2981,24.65
353.3981,23.99
353.4981,21.16
353.5981,16.55
353.6981,10.81
353.7981,8.27
353.8981,7.23
353.9981,6.39
354.0981,5.63
354.1981,5.54
354.2981,4.88
354.3981,3.56
354.4981,3.37
354.5981,3.37
354.6981,3.37
354.7981,3.37
354.8981,3.37
354.9981,3.37
355.0981,3.37
355.1981,3.28
355.2981,3.19
355.3981,3.28
355.4981,3.0
355.5981,2.9
355.6981,3.0
355.7981,2.81
355.8981,1.96
355.9981,1.59
356.0981,1.21
356.1981,0.93
356.2981,0.08
356.3981,0.65
356.4981,0.93
356.5981,0.93
356.6981,0.46
356.7981,0.65
356.8981,0.55
356.9981,1.12
357.0981,0.83
357.1981,1.77
357.2981,2.81
357.3981,3.19
357.4981,3.28
357.5981,3.19
357.6981,3.37
357.7981,3.37
357.8981,3.28
357.9981,3.37
358.0981,3.37
358.1981,3.37
358.2981,3.37
358.3981,3.37
358.4981,3.47
358.5981,3.47
358.6981,3.56
358.7981,3.56
358.8981,4.03
358.9981,5.16
359.0981,5.73
359.1981,5.82
359.2981,6.67
359.3981,7.33
359.4981,8.36
359.5981,9.3
359.6981,11.47
359.7981,17.21
359.8981,21.16
359.9981,24.08
360.0981,25.3
360.1981,25.87
360.2981,27.66
360.3981,27.37
360.4981,26.24
360.5981,26.81
360.6981,27.19
360.7981,25.87
360.8981,26.9
360.9981,26.24
361.0981,26.15
361.1981,26.34
361.2981,27.0
361.3981,27.66
361.4981,26.9
361.5981,26.43
361.6981,26.15
361.7981,26.72
361.8981,26.81
361.9981,27.0
362.0981,26.24
362.1981,26.06
362.2981,27.19
362.3981,26.43
362.4981,27.0
362.5981,26.53
362.6981,26.24
362.7981,27.0
362.8981,26.15
362.9981,26.24
363.0981,27.0
363.1981,26.24
363.2981,26.43
363.3981,25.77
363.4981,27.09
363.5981,26.72
363.6981,26.62
363.7981,26.34
363.8981,26.9
363.9981,27.47
364.0981,27.37
364.1981,26.53
364.2981,27.28
364.3981,27.09
364.4981,26.72
364.5981,26.15
364.6981,26.53
364.7981,26.24
364.8981,26.15
364.9981,26.62
365.0981,26.24
365.1981,25.59
365.2981,24.93
365.3981,22.57
365.4981,18.81
365.5981,14.67
365.6981,14.76
365.7981,19.28
365.8981,22.57
365.9981,24.46
366.0981,25.02
366.1981,26.62
366.2981,26.72
366.3981,26.9
366.4981,27.28
366.5981,26.72
366.6981,27.19
366.7981,26.53
366.8981,26.72
366.9981,26.24
367.0981,26.15
367.1981,26.72
367.2981,26.9
367.3981,28.5
367.4981,26.81
367.5981,26.72
367.6981,26.43
367.7981,27.0
367.8981,26.9
367.9981,27.19
368.0981,26.24
368.1981,27.19
368.2981,27.28
368.3981,27.19
368.4981,27.47
368.5981,27.0
368.6981,26.43
368.7981,27.28
368.8981,27.37
368.9981,25.77
369.0981,26.43
369.1981,26.62
369.2981,27.19
369.3981,27.09
369.4981,26.9
369.5981,26.34
369.6981,26.43
369.7981,27.75
369.8981,26.9
369.9981,27.28
370.0981,26.72
370.1981,26.81
370.2981,27.19
370.3981,27.09
370.4981,27.0
370.5981,27.84
370.6981,26.24
370.7981,26.72
370.8981,25.96
370.9981,27.19
371.0981,26.62
371.1981,25.3
371.2981,24.17
371.3981,21.35
371.4981,16.93
371.5981,13.07
371.6981,15.8
371.7981,19.75
371.8981,22.2
371.9981,24.08
372.0981,25.96
372.1981,26.62
372.2981,26.62
372.3981,27.0
372.4981,26.9
372.5981,27.66
372.6981,26.9
372.7981,27.0
372.8981,26.72
372.9981,27.19
373.0981,26.81
373.1981,27.09
373.2981,27.19
373.3981,27.37
373.4981,26.9
373.5981,27.09
373.6981,27.19
373.7981,26.9
373.8981,27.19
373.9981,27.09
374.0981,27.28
374.1981,27.84
374.2981,27.19
374.3981,26.62
374.4981,26.9
374.5981,27.0
374.6981,26.9
374.7981,27.09
374.8981,27.19
374.9981,27.0
375.0981,26.34
375.1981,26.62
375.2981,26.15
375.3981,26.06
375.4981,27.75
375.5981,27.0
375.6981,27.09
375.7981,27.47
375.8981,27.0
375.9981,27.09
376.0981,27.47
376.1981,27.75
376.2981,27.66
376.3981,27.28
376.4981,27.09
376.5981,27.75
376.6981,27.75
376.7981,27.28
376.8981,27.09
376.9981,26.9
377.0981,26.15
377.1981,24.74
377.2981,23.05
377.3981,20.41
377.4981,16.17
377.5981,12.97
377.6981,16.93
377.7981,20.5
377.8981,23.8
377.9981,25.68
378.0981,27.09
378.1981,27.19
378.2981,26.43
378.3981,27.37
378.4981,26.9
378.5981,27.19
378.6981,26.43
378.7981,27.37
378.8981,28.41
378.9981,27.28
379.0981,27.28
379.1981,27.47
379.2981,27.94
379.3981,26.9
379.4981,27.0
379.5981,27.75
379.6981,27.47
379.7981,26.72
379.8981,26.62
379.9981,27.09
380.0981,27.0
380.1981,28.32
380.2981,27.66
380.3981,26.9
380.4981,26.9
380.5981,27.66
380.6981,27.0
380.7981,27.19
380.8981,26.62
380.9981,27.28
381.0981,27.28
381.1981,27.0
381.2981,27.28
381.3981,27.0
381.4981,27.47
381.5981,27.19
381.6981,27.66
381.7981,27.84
381.8981,27.94
381.9981,28.41
382.0981,27.37
382.1981,27.56
382.2981,27.09
382.3981,27.19
382.4981,27.56
382.5981,27.37
382.6981,26.53
382.7981,27.56
382.8981,27.75
382.9981,27.47
383.0981,25.49
383.1981,24.27
383.2981,23.23
383.3981,19.47
383.4981,14.29
383.5981,13.82
383.6981,19.0
383.7981,23.14
383.8981,26.06
383.9981,25.59
384.0981,26.34
384.1981,27.66
384.2981,26.72
384.3981,27.19
384.4981,27.66
384.5981,26.9
384.6981,27.37
384.7981,28.03
384.8981,27.66
384.9981,28.32
385.0981,27.28
385.1981,28.13
385.2981,26.72
385.3981,27.66
385.4981,28.22
385.5981,27.56
385.6981,28.41
385.7981,27.0
385.8981,27.19
385.9981,26.81
386.0981,27.28
386.1981,27.47
386.2981,27.09
386.3981,27.37
386.4981,27.37
386.5981,27.37
386.6981,27.56
386.7981,27.09
386.8981,27.94
386.9981,27.94
387.0981,27.66
387.1981,27.37
387.2981,27.47
387.3981,27.94
387.4981,27.37
387.5981,27.09
387.6981,27.56
387.7981,27.09
387.8981,27.19
387.9981,27.37
388.0981,27.47
388.1981,27.19
388.2981,28.13
388.3981,28.32
388.4981,28.13
388.5981,27.47
388.6981,27.84
388.7981,27.47
388.8981,27.19
388.9981,27.47
389.0981,26.53
389.1981,25.49
389.2981,23.05
389.3981,17.49
389.4981,14.2
389.5981,16.08
389.6981,21.07
389.7981,23.52
389.8981,26.53
389.9981,27.47
390.0981,26.81
390.1981,27.56
390.2981,27.56
390.3981,27.37
390.4981,26.53
390.5981,26.9
390.6981,27.37
390.7981,27.84
390.8981,28.03
390.9981,26.9
391.0981,27.94
391.1981,28.13
391.2981,27.28
391.3981,26.43
391.4981,27.56
391.5981,28.03
391.6981,27.66
391.7981,27.09
391.8981,27.75
391.9981,27.94
392.0981,26.81
392.1981,27.19
392.2981,26.62
392.3981,27.66
392.4981,27.09
392.5981,26.06
392.6981,26.9
392.7981,26.81
392.8981,27.19
392.9981,27.37
393.0981,27.47
393.1981,27.37
393.2981,27.47
393.3981,26.9
393.4981,28.13
393.5981,27.75
393.6981,27.0
393.7981,27.28
393.8981,27.28
393.9981,27.75
394.0981,28.32
394.1981,27.84
394.2981,27.84
394.3981,27.84
394.4981,27.56
394.5981,27.09
394.6981,27.28
394.7981,27.56
394.8981,26.81
394.9981,26.81
395.0981,25.21
395.1981,24.46
395.2981,22.01
395.3981,16.74
395.4981,13.16
395.5981,17.02
395.6981,21.26
395.7981,23.33
395.8981,25.68
395.9981,26.53
396.0981,27.09
396.1981,27.37
396.2981,27.09
396.3981,27.19
396.4981,27.28
396.5981,26.81
396.6981,28.13
396.7981,27.28
396.8981,27.56
396.9981,28.22
397.0981,28.6
397.1981,27.09
397.2981,27.84
397.3981,27.47
397.4981,27.47
397.5981,27.19
397.6981,27.19
397.7981,26.62
397.8981,26.9
397.9981,27.09
398.0981,27.09
398.1981,26.62
398.2981,27.75
398.3981,27.56
398.4981,27.56
398.5981,28.22
398.6981,28.03
398.7981,27.56
398.8981,27.47
398.9981,27.75
399.0981,27.28
399.1981,27.0
399.2981,26.81
399.3981,27.0
399.4981,27.66
399.5981,28.22
399.6981,27.28
399.7981,27.84
399.8981,27.28
399.9981,26.9
400.0981,27.84
400.1981,26.62
400.2981,27.28
400.3981,27.84
400.4981,27.37
400.5981,27.0
400.6981,27.0
400.7981,26.62
400.8981,27.09
400.9981,26.15
401.0981,24.65
401.1981,22.67
401.2981,19.75
401.3981,14.48
401.4981,13.92
401.5981,19.28
401.6981,22.2
401.7981,25.12
401.8981,25.4
401.9981,27.28
402.0981,26.72
402.1981,26.72
402.2981,27.66
402.3981,27.66
402.4981,26.81
402.5981,26.9
402.6981,26.15
402.7981,27.75
402.8981,26.81
402.9981,26.9
403.0981,26.81
403.1981,27.09
403.2981,27.09
403.3981,26.53
403.4981,27.37
403.5981,27.0
403.6981,26.72
403.7981,26.9
403.8981,26.43
403.9981,27.0
404.0981,26.72
404.1981,26.81
404.2981,26.15
404.3981,27.0
404.4981,26.53
404.5981,27.56
404.6981,27.19
404.7981,25.3
404.8981,27.0
404.9981,26.72
405.0981,25.96
405.1981,26.53
405.2981,26.72
405.3981,26.43
405.4981,26.72
405.5981,26.43
405.6981,26.06
405.7981,27.0
405.8981,26.72
405.9981,25.77
406.0981,25.77
406.1981,25.87
406.2981,25.96
406.3981,25.02
406.4981,27.37
406.5981,26.72
406.6981,26.53
406.7981,26.53
406.8981,26.53
406.9981,25.02
407.0981,23.99
407.1981,21.26
407.2981,18.53
407.3981,13.07
407.4981,14.48
407.5981,19.56
407.6981,22.29
407.7981,24.27
407.8981,26.24
407.9981,25.59
408.0981,25.77
408.1981,26.15
408.2981,25.96
408.3981,26.06
408.4981,26.24
408.5981,25.77
408.6981,26.24
408.7981,26.43
408.8981,26.06
408.9981,25.4
409.0981,26.72
409.1981,26.06
409.2981,26.06
409.3981,26.43
409.4981,26.72
409.5981,25.59
409.6981,26.24
409.7981,25.87
409.8981,26.24
409.9981,26.43
410.0981,26.34
410.1981,25.68
410.2981,26.06
410.3981,25.68
410.4981,25.87
410.5981,24.83
410.6981,25.49
410.7981,24.93
410.8981,26.15
410.9981,25.77
411.0981,26.15
411.1981,26.53
411.2981,25.68
411.3981,24.93
411.4981,25.59
411.5981,25.87
411.6981,26.34
411.7981,27.09
411.8981,25.49
411.9981,26.62
412.0981,26.15
412.1981,26.9
412.2981,26.34
412.3981,25.96
412.4981,26.53
412.5981,25.12
412.6981,25.68
412.7981,26.06
412.8981,25.3
412.9981,24.55
413.0981,22.39
413.1981,20.22
413.2981,15.99
413.3981,12.5
413.4981,16.27
413.5981,20.22
413.6981,22.95
413.7981,24.65
413.8981,25.49
413.9981,25.87
414.0981,26.15
414.1981,25.21
414.2981,26.06
414.3981,26.15
414.4981,26.34
414.5981,25.77
414.6981,25.68
414.7981,26.15
414.8981,26.53
414.9981,26.62
415.0981,25.96
415.1981,26.62
415.2981,26.43
415.3981,26.43
415.4981,26.62
415.5981,25.87
415.6981,26.15
415.7981,26.06
415.8981,27.28
415.9981,25.87
416.0981,26.9
416.1981,26.24
416.2981,25.59
416.3981,26.24
416.4981,26.9
416.5981,26.81
416.6981,26.81
416.7981,25.87
416.8981,26.9
416.9981,26.53
417.0981,26.15
417.1981,26.34
417.2981,26.06
417.3981,26.24
417.4981,25.59
417.5981,26.24
417.6981,26.24
417.7981,26.53
417.8981,26.9
417.9981,27.19
418.0981,27.0
418.1981,26.62
418.2981,26.62
418.3981,26.34
418.4981,26.81
418.5981,27.19
418.6981,27.28
418.7981,26.43
418.8981,26.06
418.9981,24.93
419.0981,22.48
419.1981,19.85
419.2981,15.52
419.3981,13.73
419.4981,19.19
419.5981,22.39
419.6981,23.8
419.7981,25.96
419.8981,27.09
419.9981,27.37
420.0981,27.0
420.1981,27.56
420.2981,26.06
420.3981,27.28
420.4981,27.09
420.5981,26.34
420.6981,27.37
420.7981,27.19
420.8981,26.81
420.9981,27.28
421.0981,27.37
421.1981,26.62
421.2981,26.34
421.3981,26.43
421.4981,26.81
421.5981,27.56
421.6981,26.43
421.7981,27.28
421.8981,26.43
421.9981,27.75
422.0981,27.47
422.1981,27.19
422.2981,27.75
422.3981,27.75
422.4981,27.66
422.5981,27.09
422.6981,26.72
422.7981,27.56
422.8981,27.28
422.9981,27.56
423.0981,27.75
423.1981,27.28
423.2981,26.62
423.3981,26.72
423.4981,26.62
423.5981,26.15
423.6981,27.94
423.7981,27.47
423.8981,27.09
423.9981,27.19
424.0981,27.94
424.1981,27.66
424.2981,28.32
424.3981,27.28
424.4981,27.75
424.5981,27.47
424.6981,27.47
424.7981,28.22
424.8981,27.56
424.9981,24.93
425.0981,22.2
425.1981,19.47
425.2981,14.48
425.3981,15.14
425.4981,20.79
425.5981,23.7
425.6981,25.49
425.7981,26.34
425.8981,28.03
425.9981,26.81
426.0981,27.19
426.1981,27.94
426.2981,28.41
426.3981,27.66
426.4981,27.37
426.5981,27.66
426.6981,27.75
426.7981,27.28
426.8981,28.32
426.9981,28.13
427.0981,28.32
427.1981,27.84
427.2981,28.03
427.3981,27.94
427.4981,28.13
427.5981,27.75
427.6981,27.28
427.7981,28.22
427.8981,27.28
427.9981,27.19
428.0981,27.66
428.1981,26.9
428.2981,28.13
428.3981,28.03
428.4981,28.5
428.5981,27.0
428.6981,27.47
428.7981,27.56
428.8981,28.13
428.9981,27.75
429.0981,27.47
429.1981,27.84
429.2981,27.66
429.3981,27.09
429.4981,27.47
429.5981,27.28
429.6981,27.84
429.7981,28.79
429.8981,27.19
429.9981,27.47
430.0981,27.66
430.1981,28.41
430.2981,27.66
430.3981,27.37
430.4981,26.24
430.5981,28.22
430.6981,28.13
430.7981,27.37
430.8981,26.43
430.9981,24.36
431.0981,22.2
431.1981,18.25
431.2981,14.2
431.3981,17.49
431.4981,22.67
431.5981,23.8
431.6981,25.77
431.7981,27.28
431.8981,27.66
431.9981,27.94
432.0981,28.32
432.1981,28.03
432.2981,27.94
432.3981,28.5
432.4981,28.32
432.5981,28.32
432.6981,28.13
432.7981,28.03
432.8981,27.94
432.9981,28.13
433.0981,28.41
433.1981,26.72
433.2981,27.66
433.3981,26.72
433.4981,27.28
433.5981,27.28
433.6981,26.9
433.7981,27.09
433.8981,28.79
433.9981,28.69
434.0981,28.6
434.1981,28.32
434.2981,27.94
434.3981,27.84
434.4981,27.66
434.5981,27.56
434.6981,29.16
434.7981,28.69
434.8981,27.75
434.9981,27.94
435.0981,27.75
435.1981,28.5
435.2981,28.03
435.3981,28.22
435.4981,28.22
435.5981,28.32
435.6981,28.97
435.7981,29.07
435.8981,28.13
435.9981,27.56
436.0981,27.47
436.1981,28.22
436.2981,28.5
436.3981,27.47
436.4981,28.32
436.5981,28.5
436.6981,28.22
436.7981,27.37
436.8981,26.72
436.9981,23.23
437.0981,21.92
437.1981,17.3
437.2981,15.7
437.3981,19.19
437.4981,23.14
437.5981,25.68
437.6981,26.06
437.7981,28.03
437.8981,28.13
437.9981,28.13
438.0981,28.88
438.1981,28.13
438.2981,27.47
438.3981,28.03
438.4981,28.13
438.5981,28.32
438.6981,28.13
438.7981,27.75
438.8981,28.79
438.9981,28.6
439.0981,27.84
439.1981,28.03
439.2981,27.75
439.3981,28.03
439.4981,28.6
439.5981,27.47
439.6981,27.94
439.7981,27.84
439.8981,27.94
439.9981,27.75
440.0981,27.84
440.1981,28.32
440.2981,27.84
440.3981,29.26
440.4981,28.5
440.5981,28.32
440.6981,28.22
440.7981,28.88
440.8981,28.22
440.9981,28.03
441.0981,27.75
441.1981,28.5
441.2981,27.84
441.3981,28.41
441.4981,28.22
441.5981,28.03
441.6981,28.79
441.7981,28.5
441.8981,28.32
441.9981,28.22
442.0981,28.6
442.1981,28.22
442.2981,27.84
442.3981,28.69
442.4981,28.41
442.5981,28.6
442.6981,28.32
442.7981,27.56
442.8981,26.06
442.9981,23.05
443.0981,19.85
443.1981,15.99
443.2981,16.27
443.3981,20.69
443.4981,23.99
443.5981,26.62
443.6981,27.56
443.7981,28.41
443.8981,28.32
443.9981,28.03
444.0981,28.6
444.1981,27.66
444.2981,27.94
444.3981,28.5
444.4981,28.41
444.5981,27.84
444.6981,28.6
444.7981,28.88
444.8981,28.5
444.9981,27.66
445.0981,28.32
445.1981,28.32
445.2981,28.22
445.3981,27.84
445.4981,28.22
445.5981,28.5
445.6981,28.32
445.7981,28.69
445.8981,28.79
445.9981,28.03
446.0981,27.56
446.1981,28.13
446.2981,28.22
446.3981,27.84
446.4981,28.79
446.5981,28.79
446.6981,28.22
446.7981,27.47
446.8981,28.22
446.9981,27.56
447.0981,28.79
447.1981,27.94
447.2981,27.66
447.3981,28.22
447.4981,27.94
447.5981,28.03
447.6981,28.5
447.7981,28.69
447.8981,28.13
447.9981,28.32
448.0981,28.88
448.1981,28.5
448.2981,28.69
448.3981,29.07
448.4981,28.6
448.5981,28.03
448.6981,27.0
448.7981,26.43
448.8981,26.34
448.9981,22.76
449.0981,19.19
449.1981,14.95
449.2981,17.4
449.3981,21.63
449.4981,24.65
449.5981,25.77
449.6981,27.75
449.7981,28.41
449.8981,29.07
449.9981,29.16
450.0981,27.84
450.1981,28.22
450.2981,28.41
450.3981,27.94
450.4981,28.97
450.5981,29.16
450.6981,27.94
450.7981,27.66
450.8981,27.94
450.9981,28.32
451.0981,28.13
451.1981,28.13
451.2981,27.75
451.3981,27.37
451.4981,27.66
451.5981,28.03
451.6981,28.03
451.7981,29.44
451.8981,28.69
451.9981,28.79
452.0981,28.22
452.1981,28.6
452.2981,28.13
452.3981,29.07
452.4981,28.5
452.5981,29.54
452.6981,29.07
452.7981,28.69
452.8981,29.26
452.9981,28.22
453.0981,27.94
453.1981,27.09
453.2981,29.44
453.3981,28.69
453.4981,28.5
453.5981,29.26
453.6981,27.37
453.7981,28.03
453.8981,27.66
453.9981,28.13
454.0981,27.94
454.1981,27.47
454.2981,28.03
454.3981,28.22
454.4981,28.03
454.5981,28.22
454.6981,27.28
454.7981,25.77
454.8981,24.46
454.9981,21.63
455.0981,16.93
455.1981,15.05
455.2981,19.66
455.3981,24.65
455.4981,24.93
455.5981,27.09
455.6981,28.5
455.7981,27.09
455.8981,28.88
455.9981,28.6
456.0981,27.84
456.1981,28.41
456.2981,28.79
456.3981,28.69
456.4981,28.6
456.5981,27.94
456.6981,27.84
456.7981,28.5
456.8981,28.41
456.9981,28.6
457.0981,28.32
457.1981,28.03
457.2981,28.32
457.3981,27.75
457.4981,27.94
457.5981,27.94
457.6981,28.13
457.7981,28.03
457.8981,28.32
457.9981,28.13
458.0981,28.13
458.1981,28.22
458.2981,28.03
458.3981,28.79
458.4981,28.69
458.5981,28.79
458.6981,28.97
458.7981,27.84
458.8981,28.6
458.9981,28.5
459.0981,29.16
459.1981,28.41
459.2981,28.97
459.3981,27.84
459.4981,27.84
459.5981,28.32
459.6981,28.79
459.7981,28.32
459.8981,28.69
459.9981,29.16
460.0981,28.03
460.1981,27.94
460.2981,28.79
460.3981,29.16
460.4981,28.79
460.5981,27.56
460.6981,28.41
460.7981,26.9
460.8981,24.08
460.9981,21.26
461.0981,15.8
461.1981,15.99
461.2981,20.03
461.3981,23.52
461.4981,26.06
461.5981,27.47
461.6981,28.32
461.7981,28.22
461.8981,28.5
461.9981,28.32
462.0981,28.5
462.1981,28.5
462.2981,28.13
462.3981,27.75
462.4981,29.16
462.5981,28.5
462.6981,27.66
462.7981,27.66
462.8981,28.13
462.9981,28.88
463.0981,28.03
463.1981,28.41
463.2981,28.22
463.3981,28.6
463.4981,28.13
463.5981,28.69
463.6981,28.5
463.7981,28.69
463.8981,28.32
463.9981,28.5
464.0981,29.73
464.1981,28.97
464.2981,28.41
464.3981,28.69
464.4981,29.35
464.5981,28.6
464.6981,28.22
464.7981,27.66
464.8981,28.5
464.9981,28.88
465.0981,28.32
465.1981,28.79
465.2981,29.07
465.3981,29.07
465.4981,28.22
465.5981,29.16
465.6981,29.35
465.7981,27.84
465.8981,28.69
465.9981,28.41
466.0981,28.6
466.1981,28.6
466.2981,29.26
466.3981,29.16
466.4981,28.41
466.5981,27.94
466.6981,26.81
466.7981,24.93
466.8981,23.42
466.9981,19.56
467.0981,14.95
467.1981,17.4
467.2981,22.57
467.3981,24.74
467.4981,27.19
467.5981,28.22
467.6981,28.79
467.7981,29.07
467.8981,29.07
467.9981,27.94
468.0981,28.5
468.1981,28.6
468.2981,28.03
468.3981,28.41
468.4981,28.6
468.5981,28.6
468.6981,27.47
468.7981,28.88
468.8981,28.5
468.9981,28.69
469.0981,28.79
469.1981,28.32
469.2981,28.69
469.3981,28.5
469.4981,28.88
469.5981,29.26
469.6981,27.66
469.7981,28.32
469.8981,28.69
469.9981,28.5
470.0981,29.16
470.1981,29.07
470.2981,29.35
470.3981,29.44
470.4981,29.16
470.5981,28.5
470.6981,28.41
470.7981,28.03
470.8981,29.54
470.9981,28.5
471.0981,28.22
471.1981,28.69
471.2981,28.79
471.3981,28.41
471.4981,28.79
471.5981,28.13
471.6981,27.94
471.7981,28.03
471.8981,28.03
471.9981,29.16
472.0981,29.07
472.1981,28.69
472.2981,29.44
472.3981,28.22
472.4981,27.66
472.5981,28.03
472.6981,26.62
472.7981,24.83
472.8981,22.67
472.9981,18.15
473.0981,14.67
473.1981,20.22
473.2981,23.14
473.3981,25.3
473.4981,27.19
473.5981,27.84
473.6981,28.69
473.7981,27.94
473.8981,28.5
473.9981,29.16
474.0981,28.5
474.1981,29.44
474.2981,28.5
474.3981,28.13
474.4981,28.41
474.5981,29.35
474.6981,29.44
474.7981,28.32
474.8981,29.07
474.9981,28.6
475.0981,28.97
475.1981,29.63
475.2981,28.97
475.3981,28.13
475.4981,28.32
475.5981,28.97
475.6981,28.13
475.7981,28.97
475.8981,30.01
475.9981,28.97
476.0981,28.6
476.1981,28.41
476.2981,28.69
476.3981,29.54
476.4981,28.32
476.5981,29.44
476.6981,29.44
476.7981,28.5
476.8981,28.5
476.9981,28.69
477.0981,28.88
477.1981,29.44
477.2981,29.35
477.3981,28.6
477.4981,29.26
477.5981,28.13
477.6981,27.28
477.7981,28.79
477.8981,29.07
477.9981,29.16
478.0981,29.54
478.1981,28.69
478.2981,28.97
478.3981,29.63
478.4981,29.35
478.5981,28.69
478.6981,25.96
478.7981,24.27
478.8981,21.35
478.9981,16.55
479.0981,15.99
479.1981,21.16
479.2981,23.42
479.3981,26.81
479.4981,27.66
479.5981,28.03
479.6981,28.6
479.7981,29.44
479.8981,29.44
479.9981,28.22
480.0981,29.16
480.1981,28.32
480.2981,28.97
480.3981,29.07
480.4981,28.6
480.5981,28.69
480.6981,28.79
480.7981,29.44
480.8981,28.79
480.9981,28.13
481.0981,28.69
481.1981,29.16
481.2981,28.79
481.3981,28.22
481.4981,28.5
481.5981,28.69
481.6981,28.97
481.7981,28.5
481.8981,28.5
481.9981,28.69
482.0981,28.32
482.1981,28.79
482.2981,28.69
482.3981,28.88
482.4981,28.88
482.5981,28.03
482.6981,28.79
482.7981,28.69
482.8981,30.01
482.9981,29.35
483.0981,30.01
483.1981,28.5
483.2981,29.16
483.3981,29.26
483.4981,28.97
483.5981,28.6
483.6981,28.69
483.7981,29.73
483.8981,28.03
483.9981,28.88
484.0981,28.88
484.1981,29.63
484.2981,29.63
484.3981,29.07
484.4981,28.79
484.5981,27.56
484.6981,26.34
484.7981,23.42
484.8981,20.13
484.9981,15.42
485.0981,17.3
485.1981,22.1
485.2981,25.21
485.3981,27.28
485.4981,28.41
485.5981,28.97
485.6981,29.07
485.7981,28.5
485.8981,28.5
485.9981,28.41
486.0981,29.07
486.1981,29.73
486.2981,29.44
486.3981,28.69
486.4981,28.97
486.5981,28.79
486.6981,29.16
486.7981,28.97
486.8981,28.79
486.9981,28.97
487.0981,28.41
487.1981,29.54
487.2981,30.1
487.3981,29.07
487.4981,29.73
487.5981,29.44
487.6981,29.07
487.7981,29.26
487.8981,28.69
487.9981,28.69
488.0981,28.79
488.1981,29.73
488.2981,29.44
488.3981,29.63
488.4981,29.73
488.5981,29.44
488.6981,29.73
488.7981,28.97
488.8981,29.26
488.9981,28.69
489.0981,28.69
489.1981,29.44
489.2981,29.35
489.3981,29.07
489.4981,28.69
489.5981,28.6
489.6981,28.79
489.7981,28.97
489.8981,28.5
489.9981,29.26
490.0981,28.88
490.1981,29.73
490.2981,30.29
490.3981,28.97
490.4981,27.94
490.5981,26.62
490.6981,24.74
490.7981,21.82
490.8981,17.59
490.9981,13.92
491.8981,17.87
491.9981,14.76
492.0981,18.81
492.1981,21.92
492.2981,25.4
492.3981,27.37
492.4981,27.47
492.5981,27.56
492.6981,27.94
492.7981,27.19
492.8981,28.5
492.9981,28.88
493.0981,29.63
493.1981,28.6
493.2981,29.26
493.3981,28.97
493.4981,28.69
493.5981,29.44
493.6981,30.2
493.7981,29.26
493.8981,30.39
493.9981,29.73
494.0981,29.44
494.1981,28.32
494.2981,28.97
494.3981,28.88
494.4981,29.54
494.5981,29.54
494.6981,29.26
494.7981,28.22
494.8981,28.6
494.9981,29.26
495.0981,28.88
495.1981,29.82
495.2981,28.97
495.3981,29.35
495.4981,29.07
495.5981,29.26
495.6981,28.5
495.7981,29.44
495.8981,29.73
495.9981,29.35
496.0981,29.35
496.1981,29.92
496.2981,28.88
496.3981,28.79
496.4981,28.69
496.5981,28.88
496.6981,28.79
496.7981,28.69
496.8981,28.5
496.9981,29.82
497.0981,28.32
497.1981,28.88
497.2981,28.97
497.3981,28.5
497.4981,27.56
497.5981,26.53
497.6981,25.21
497.7981,22.2
497.8981,16.93
497.9981,16.36
498.0981,21.54
498.1981,24.08
498.2981,26.9
498.3981,28.03
498.4981,29.92
498.5981,28.88
498.6981,29.44
498.7981,29.63
498.8981,29.73
498.9981,28.32
499.0981,28.69
499.1981,28.88
499.2981,28.79
499.3981,29.63
499.4981,29.26
499.5981,29.26
499.6981,28.41
499.7981,29.44
499.8981,29.44
499.9981,29.16
500.0981,28.6
500.1981,28.03
500.2981,28.6
500.3981,28.6
500.4981,29.44
500.5981,28.79
500.6981,28.97
500.7981,29.82
500.8981,29.54
500.9981,28.79
501.0981,28.6
501.1981,29.35
501.2981,28.5
501.3981,28.88
501.4981,29.16
501.5981,30.01
501.6981,29.26
501.7981,29.26
501.8981,29.07
501.9981,28.97
502.0981,28.41
502.1981,29.26
502.2981,28.97
502.3981,28.5
502.4981,28.22
502.5981,28.5
502.6981,28.97
502.7981,28.69
502.8981,29.54
502.9981,29.26
503.0981,28.69
503.1981,29.07
503.2981,29.35
503.3981,28.69
503.4981,28.22
503.5981,26.81
503.6981,23.89
503.7981,21.45
503.8981,16.17
503.9981,17.77
504.0981,22.29
504.1981,25.49
504.2981,27.84
504.3981,28.03
504.4981,28.88
504.5981,28.5
504.6981,29.07
504.7981,29.35
504.8981,28.5
504.9981,28.41
505.0981,28.69
505.1981,28.88
505.2981,29.07
505.3981,29.73
505.4981,29.73
505.5981,29.16
505.6981,29.73
505.7981,28.5
505.8981,28.6
505.9981,28.6
506.0981,28.6
506.1981,30.01
506.2981,30.01
506.3981,29.63
506.4981,29.63
506.5981,29.07
506.6981,28.6
506.7981,28.22
506.8981,28.88
506.9981,29.26
507.0981,29.16
507.1981,29.63
507.2981,28.97
507.3981,29.16
507.4981,29.44
507.5981,29.82
507.6981,29.35
507.7981,28.69
507.8981,28.69
507.9981,29.07
508.0981,29.16
508.1981,29.82
508.2981,29.82
508.3981,29.63
508.4981,29.63
508.5981,28.79
508.6981,28.79
508.7981,29.54
508.8981,29.26
508.9981,29.07
509.0981,29.26
509.1981,30.2
509.2981,29.07
509.3981,29.16
509.4981,27.47
509.5981,25.68
509.6981,23.7
509.7981,19.47
509.8981,16.17
509.9981,19.66
510.0981,23.33
510.1981,26.72
510.2981,27.47
510.3981,29.26
510.4981,28.5
510.5981,29.44
510.6981,29.82
510.7981,28.97
510.8981,29.16
510.9981,28.69
511.0981,29.63
511.1981,29.16
511.2981,28.79
511.3981,28.69
511.4981,29.73
511.5981,29.16
511.6981,29.44
511.7981,28.6
511.8981,29.26
511.9981,29.54
512.0981,29.54
512.1981,29.63
512.2981,28.69
512.3981,28.41
512.4981,29.35
512.5981,29.63
512.6981,29.82
512.7981,29.16
512.8981,29.63
512.9981,30.57
513.0981,30.39
513.1981,29.63
513.2981,28.97
513.3981,29.16
513.4981,29.35
513.5981,28.6
513.6981,30.01
513.7981,29.07
513.8981,29.16
513.9981,28.88
514.0981,28.69
514.1981,28.88
514.2981,29.73
514.3981,29.07
514.4981,29.07
514.5981,28.69
514.6981,29.35
514.7981,28.88
514.8981,29.07
514.9981,29.35
515.0981,29.16
515.1981,29.44
515.2981,30.2
515.3981,28.88
515.4981,28.03
515.5981,25.21
515.6981,22.76
515.7981,17.77
515.8981,15.8
515.9981,20.69
516.0981,24.08
516.1981,26.43
516.2981,28.32
516.3981,29.35
516.4981,29.54
516.5981,29.82
516.6981,29.63
516.7981,30.1
516.8981,29.54
516.9981,28.5
517.0981,29.35
517.1981,29.63
517.2981,29.63
517.3981,30.2
517.4981,29.07
517.5981,30.29
517.6981,29.92
517.7981,30.48
517.8981,30.01
517.9981,30.2
518.0981,29.16
518.1981,29.44
518.2981,29.54
518.3981,28.69
518.4981,30.01
518.5981,29.44
518.6981,29.44
518.7981,29.63
518.8981,29.44
518.9981,29.82
519.0981,29.73
519.1981,29.16
519.2981,30.01
519.3981,29.44
519.4981,29.26
519.5981,30.1
519.6981,29.26
519.7981,29.92
519.8981,29.73
519.9981,29.73
520.0981,30.01
520.1981,29.26
520.2981,29.54
520.3981,29.16
520.4981,29.07
520.5981,29.73
520.6981,29.54
520.7981,29.26
520.8981,29.26
520.9981,29.16
521.0981,29.35
521.1981,29.16
521.2981,28.6
521.3981,27.94
521.4981,25.87
521.5981,24.55
521.6981,21.35
521.7981,16.93
521.8981,17.68
521.9981,22.76
522.0981,25.4
522.1981,28.13
522.2981,28.79
522.3981,30.1
522.4981,30.1
522.5981,29.63
522.6981,29.35
522.7981,29.26
522.8981,29.82
522.9981,29.26
523.0981,28.88
523.1981,29.35
523.2981,29.35
523.3981,29.16
523.4981,29.73
523.5981,28.88
523.6981,28.88
523.7981,29.73
523.8981,28.79
523.9981,29.44
524.0981,29.44
524.1981,29.26
524.2981,29.35
524.3981,29.07
524.4981,29.16
524.5981,30.01
524.6981,29.26
524.7981,29.07
524.8981,30.57
524.9981,29.54
525.0981,28.97
525.1981,29.82
525.2981,28.97
525.3981,30.2
525.4981,29.35
525.5981,30.1
525.6981,30.1
525.7981,30.2
525.8981,29.73
525.9981,29.92
526.0981,30.57
526.1981,29.82
526.2981,29.26
526.3981,29.07
526.4981,29.44
526.5981,29.07
526.6981,29.26
526.7981,29.63
526.8981,30.2
526.9981,29.35
527.0981,29.54
527.1981,30.2
527.2981,29.44
527.3981,28.6
527.4981,26.34
527.5981,23.61
527.6981,19.85
527.7981,15.89
527.8981,19.0
527.9981,22.48
528.0981,25.21
528.1981,27.0
528.2981,28.88
528.3981,28.79
528.4981,29.63
528.5981,29.63
528.6981,29.92
528.7981,29.73
528.8981,29.82
528.9981,29.92
529.0981,30.39
529.1981,29.63
529.2981,30.48
529.3981,29.07
529.4981,29.73
529.5981,29.26
529.6981,29.07
529.7981,29.16
529.8981,30.2
529.9981,30.2
530.0981,30.1
530.1981,29.92
530.2981,29.26
530.3981,30.29
530.4981,29.54
530.5981,30.29
530.6981,29.26
530.7981,29.44
530.8981,30.01
530.9981,29.63
531.0981,28.69
531.1981,29.07
531.2981,29.07
531.3981,29.26
531.4981,29.82
531.5981,29.07
531.6981,29.26
531.7981,28.97
531.8981,29.92
531.9981,29.54
532.0981,29.73
532.1981,30.01
532.2981,29.44
532.3981,29.44
532.4981,30.29
532.5981,29.26
532.6981,30.1
532.7981,29.54
532.8981,30.1
532.9981,28.88
533.0981,29.35
533.1981,30.29
533.2981,28.03
533.3981,26.34
533.4981,25.12
533.5981,22.01
533.6981,17.96
533.7981,16.08
533.8981,20.6
533.9981,24.65
534.0981,27.56
534.1981,28.88
534.2981,28.88
534.3981,29.92
534.4981,29.73
534.5981,29.92
534.6981,29.73
534.7981,29.82
534.8981,29.26
534.9981,29.07
535.0981,30.29
535.1981,29.63
535.2981,29.44
535.3981,29.63
535.4981,28.88
535.5981,29.26
535.6981,29.92
535.7981,28.88
535.8981,29.26
535.9981,30.1
536.0981,29.54
536.1981,29.82
536.2981,29.73
536.3981,29.07
536.4981,28.88
536.5981,29.26
536.6981,29.16
536.7981,30.39
536.8981,29.54
536.9981,29.63
537.0981,29.92
537.1981,30.01
537.2981,29.73
537.3981,29.73
537.4981,30.48
537.5981,29.92
537.6981,30.39
537.7981,30.29
537.8981,29.82
537.9981,29.82
538.0981,30.29
538.1981,29.35
538.2981,30.01
538.3981,30.01
538.4981,29.54
538.5981,29.63
538.6981,29.82
538.7981,29.63
538.8981,29.44
538.9981,29.54
539.0981,30.01
539.1981,28.5
539.2981,28.88
539.3981,27.66
539.4981,25.49
539.5981,21.63
539.6981,17.21
539.7981,18.15
539.8981,22.86
539.9981,25.77
540.0981,27.37
540.1981,28.5
540.2981,29.92
540.3981,30.01
540.4981,28.97
540.5981,30.01
540.6981,30.01
540.7981,29.73
540.8981,29.73
540.9981,28.88
541.0981,29.07
541.1981,29.07
541.2981,29.35
541.3981,29.26
541.4981,30.1
541.5981,29.26
541.6981,29.44
541.7981,30.29
541.8981,29.26
541.9981,29.73
542.0981,29.54
542.1981,30.67
542.2981,30.2
542.3981,30.01
542.4981,30.2
542.5981,29.82
542.6981,29.73
542.7981,29.16
542.8981,29.63
542.9981,30.01
543.0981,29.16
543.1981,29.63
543.2981,29.16
543.3981,30.01
543.4981,29.35
543.5981,30.39
543.6981,29.54
543.7981,30.39
543.8981,30.01
543.9981,29.73
544.0981,29.63
544.1981,29.92
544.2981,29.63
544.3981,30.1
544.4981,30.48
544.5981,30.01
544.6981,30.2
544.7981,30.67
544.8981,29.63
544.9981,29.92
545.0981,31.14
545.1981,30.39
545.2981,28.41
545.3981,26.72
545.4981,23.52
545.5981,20.41
545.6981,16.27
545.7981,18.72
545.8981,23.52
545.9981,26.34
546.0981,28.32
546.1981,29.16
546.2981,29.35
546.3981,30.2
546.4981,29.54
546.5981,30.2
546.6981,30.29
546.7981,30.76
546.8981,29.63
546.9981,29.07
547.0981,29.92
547.1981,30.01
547.2981,29.82
547.3981,29.92
547.4981,30.2
547.5981,29.16
547.6981,30.1
547.7981,30.01
547.8981,29.92
547.9981,29.63
548.0981,29.63
548.1981,29.92
548.2981,29.92
548.3981,29.44
548.4981,29.82
548.5981,29.82
548.6981,29.16
548.7981,30.29
548.8981,31.04
548.9981,29.63
549.0981,29.92
549.1981,29.35
549.2981,29.07
549.3981,29.92
549.4981,30.29
549.5981,29.35
549.6981,29.82
549.7981,29.82
549.8981,30.1
549.9981,30.29
550.0981,30.01
550.1981,29.44
550.2981,29.44
550.3981,30.01
550.4981,30.29
550.5981,29.92
550.6981,30.01
550.7981,29.92
550.8981,30.76
550.9981,29.35
551.0981,29.92
551.1981,28.6
551.2981,28.22
551.3981,26.34
551.4981,23.14
551.5981,18.06
551.6981,16.08
551.7981,20.32
551.8981,24.55
551.9981,26.9
552.0981,28.5
552.1981,30.01
552.2981,30.39
552.3981,30.1
552.4981,28.97
552.5981,29.63
552.6981,30.29
552.7981,29.44
552.8981,29.73
552.9981,30.39
553.0981,29.63
553.1981,31.04
553.2981,29.63
553.3981,29.63
553.4981,29.63
553.5981,29.44
553.6981,29.35
553.7981,29.73
553.8981,30.2
553.9981,30.57
554.0981,30.67
554.1981,30.2
554.2981,29.82
554.3981,30.01
554.4981,30.39
554.5981,30.2
554.6981,29.26
554.7981,29.54
554.8981,30.48
554.9981,30.29
555.0981,29.73
555.1981,30.2
555.2981,29.92
555.3981,29.35
555.4981,30.01
555.5981,29.92
555.6981,29.82
555.7981,30.01
555.8981,29.73
555.9981,29.92
556.0981,29.26
556.1981,30.29
556.2981,29.63
556.3981,30.01
556.4981,30.67
556.5981,30.2
556.6981,30.1
556.7981,29.63
556.8981,30.01
556.9981,29.35
557.0981,28.6
557.1981,28.41
557.2981,27.84
557.3981,24.74
557.4981,22.57
557.5981,17.49
557.6981,17.21
557.7981,22.39
557.8981,25.68
557.9981,27.56
558.0981,28.69
558.1981,29.54
558.2981,28.97
558.3981,29.63
558.4981,30.29
558.5981,30.2
558.6981,29.63
558.7981,29.92
558.8981,29.26
558.9981,29.92
559.0981,30.01
559.1981,29.82
559.2981,30.29
559.3981,29.82
559.4981,29.26
559.5981,30.67
559.6981,30.2
559.7981,30.29
559.8981,28.97
559.9981,30.2
560.0981,30.39
560.1981,30.01
560.2981,30.2
560.3981,29.82
560.4981,29.82
560.5981,30.86
560.6981,29.82
560.7981,29.82
560.8981,29.73
560.9981,30.29
561.0981,30.48
561.1981,29.92
561.2981,29.26
561.3981,30.39
561.4981,29.92
561.5981,30.2
561.6981,29.92
561.7981,29.92
561.8981,29.35
561.9981,29.82
562.0981,30.1
562.1981,30.29
562.2981,30.29
562.3981,30.57
562.4981,30.39
562.5981,30.39
562.6981,29.73
562.7981,29.63
562.8981,29.63
562.9981,30.29
563.0981,29.63
563.1981,29.26
563.2981,27.0
563.3981,24.74
563.4981,20.97
563.5981,17.02
563.6981,19.47
563.7981,23.89
563.8981,26.24
563.9981,28.6
564.0981,29.26
564.1981,29.26
564.2981,29.92
564.3981,30.29
564.4981,30.95
564.5981,30.48
564.6981,29.54
564.7981,29.54
564.8981,30.1
564.9981,30.01
565.0981,29.73
565.1981,29.16
565.2981,30.67
565.3981,29.82
565.4981,29.35
565.5981,30.2
565.6981,30.39
565.7981,30.48
565.8981,29.73
565.9981,29.44
566.0981,30.29
566.1981,30.48
566.2981,30.39
566.3981,30.29
566.4981,30.29
566.5981,29.82
566.6981,29.07
566.7981,29.16
566.8981,29.54
566.9981,29.54
567.0981,30.76
567.1981,30.2
567.2981,30.86
567.3981,29.26
567.4981,30.1
567.5981,30.2
567.6981,29.73
567.7981,29.82
567.8981,29.63
567.9981,29.54
568.0981,29.54
568.1981,30.01
568.2981,29.92
568.3981,30.57
568.4981,29.92
568.5981,30.76
568.6981,30.29
568.7981,30.2
568.8981,29.26
568.9981,29.92
569.0981,29.16
569.1981,28.22
569.2981,26.43
569.3981,24.08
569.4981,19.19
569.5981,16.83
569.6981,20.6
569.7981,24.74
569.8981,27.19
569.9981,27.84
570.0981,29.26
570.1981,30.76
570.2981,29.73
570.3981,30.1
570.4981,30.29
570.5981,29.26
570.6981,29.82
570.7981,29.63
570.8981,29.82
570.9981,30.1
571.0981,30.01
571.1981,30.01
571.2981,29.82
571.3981,29.82
571.4981,30.29
571.5981,30.39
571.6981,29.63
571.7981,29.44
571.8981,29.82
571.9981,30.39
572.0981,29.35
572.1981,29.35
572.2981,30.1
572.3981,30.29
572.4981,29.82
572.5981,29.92
572.6981,29.73
572.7981,30.39
572.8981,30.39
572.9981,30.1
573.0981,29.54
573.1981,30.57
573.2981,30.29
573.3981,29.54
573.4981,29.92
573.5981,30.39
573.6981,29.73
573.7981,30.29
573.8981,30.29
573.9981,28.88
574.0981,30.2
574.1981,30.1
574.2981,30.01
574.3981,29.92
574.4981,30.1
574.5981,29.35
574.6981,30.76
574.7981,29.92
574.8981,29.35
574.9981,29.54
575.0981,28.69
575.1981,27.47
575.2981,26.15
575.3981,22.39
575.4981,17.49
575.5981,16.93
575.6981,22.01
575.7981,25.96
575.8981,27.37
575.9981,29.44
576.0981,29.16
576.1981,30.39
576.2981,30.48
576.3981,30.2
576.4981,30.57
576.5981,30.67
576.6981,30.2
576.7981,30.48
576.8981,30.76
576.9981,30.1
577.0981,30.39
577.1981,29.35
577.2981,28.41
577.3981,29.26
577.4981,29.92
577.5981,29.82
577.6981,29.26
577.7981,30.2
577.8981,29.35
577.9981,30.2
578.0981,30.29
578.1981,30.2
578.2981,30.01
578.3981,30.76
578.4981,29.92
578.5981,29.54
578.6981,30.2
578.7981,30.48
578.8981,30.1
578.9981,29.82
579.0981,30.2
579.1981,29.16
579.2981,30.48
579.3981,31.23
579.4981,29.92
579.5981,30.39
579.6981,30.01
579.7981,30.95
579.8981,30.39
579.9981,29.92
580.0981,30.57
580.1981,30.48
580.2981,30.2
580.3981,30.29
580.4981,29.16
580.5981,29.73
580.6981,30.01
580.7981,29.54
580.8981,29.54
580.9981,29.26
581.0981,28.6
581.1981,26.53
581.2981,24.74
581.3981,21.35
581.4981,16.93
581.5981,18.81
581.6981,23.23
581.7981,26.15
581.8981,28.88
581.9981,29.26
582.0981,30.39
582.1981,30.48
582.2981,29.54
582.3981,30.01
582.4981,30.01
582.5981,29.82
582.6981,30.48
582.7981,30.67
582.8981,29.82
582.9981,29.92
583.0981,29.82
583.1981,29.44
583.2981,29.54
583.3981,29.26
583.4981,29.73
583.5981,31.33
583.6981,30.1
583.7981,30.39
583.8981,30.86
583.9981,30.01
584.0981,30.29
584.1981,30.2
584.2981,30.39
584.3981,30.1
584.4981,30.1
584.5981,30.67
584.6981,30.2
584.7981,30.2
584.8981,30.48
584.9981,29.82
585.0981,30.57
585.1981,30.29
585.2981,30.29
585.3981,30.67
585.4981,30.67
585.5981,29.44
585.6981,29.63
585.7981,30.2
585.8981,29.35
585.9981,29.07
586.0981,29.63
586.1981,30.1
586.2981,30.29
586.3981,30.2
586.4981,30.39
586.5981,30.95
586.6981,29.73
586.7981,29.54
586.8981,30.29
586.9981,28.88
587.0981,28.03
587.1981,27.28
587.2981,23.89
587.3981,19.37
587.4981,16.74
587.5981,20.32
587.6981,25.12
587.7981,27.47
587.8981,28.6
587.9981,28.97
588.0981,30.2
588.1981,30.01
588.2981,30.48
588.3981,30.67
588.4981,30.86
588.5981,29.82
588.6981,29.44
588.7981,29.35
588.8981,28.88
588.9981,30.57
589.0981,30.1
589.1981,30.57
589.2981,29.92
589.3981,30.29
589.4981,29.26
589.5981,30.86
589.6981,30.01
589.7981,30.29
589.8981,30.86
589.9981,30.57
590.0981,30.1
590.1981,29.92
590.2981,30.01
590.3981,29.92
590.4981,29.92
590.5981,29.92
590.6981,30.2
590.7981,29.73
590.8981,30.01
590.9981,30.57
591.0981,29.73
591.1981,29.54
591.2981,30.2
591.3981,29.92
591.4981,30.57
591.5981,29.44
591.6981,30.2
591.7981,30.67
591.8981,29.82
591.9981,29.63
592.0981,30.48
592.1981,30.01
592.2981,30.67
592.3981,29.73
592.4981,30.1
592.5981,30.86
592.6981,29.92
592.7981,30.39
592.8981,29.82
592.9981,29.82
593.0981,27.94
593.1981,25.59
593.2981,22.57
593.3981,17.96
593.4981,17.59
593.5981,22.29
593.6981,25.68
593.7981,27.94
593.8981,29.54
593.9981,31.04
594.0981,30.39
594.1981,30.01
594.2981,30.2
594.3981,29.63
594.4981,30.48
594.5981,30.86
594.6981,30.29
594.7981,29.82
594.8981,29.16
594.9981,30.1
595.0981,29.92
595.1981,29.73
595.2981,30.86
595.3981,30.95
595.4981,30.2
595.5981,29.44
595.6981,29.54
595.7981,30.76
595.8981,30.48
595.9981,30.2
596.0981,30.29
596.1981,30.57
596.2981,30.48
596.3981,29.82
596.4981,29.16
596.5981,29.63
596.6981,29.92
596.7981,29.73
596.8981,30.67
596.9981,30.01
597.0981,29.92
597.1981,30.01
597.2981,29.82
597.3981,29.16
597.4981,30.1
597.5981,30.67
597.6981,30.1
597.7981,30.2
597.8981,30.39
597.9981,30.29
598.0981,30.01
598.1981,30.57
598.2981,30.2
598.3981,31.33
598.4981,30.2
598.5981,28.88
598.6981,30.01
598.7981,31.33
598.8981,30.86
598.9981,29.54
599.0981,27.94
599.1981,26.43
599.2981,21.92
599.3981,16.83
599.4981,18.43
599.5981,23.7
599.6981,26.15
599.7981,27.75
599.8981,28.79
599.9981,29.16
600.0981,29.07
600.1981,29.73
600.2981,29.73
600.3981,29.35
600.4981,30.57
600.5981,30.2
600.6981,30.29
600.7981,31.04
600.8981,30.48
600.9981,30.2
601.0981,29.63
601.1981,29.35
601.2981,29.73
601.3981,30.2
601.4981,29.63
601.5981,30.39
601.6981,30.86
601.7981,29.82
601.8981,30.1
601.9981,30.1
602.0981,29.63
602.1981,29.82
602.2981,29.92
602.3981,30.48
602.4981,30.1
602.5981,30.86
602.6981,30.2
602.7981,30.76
602.8981,29.82
602.9981,29.54
603.0981,30.76
603.1981,29.16
603.2981,29.82
603.3981,29.44
603.4981,30.29
603.5981,30.57
603.6981,31.52
603.7981,30.2
603.8981,30.57
603.9981,30.67
604.0981,30.1
604.1981,30.29
604.2981,29.92
604.3981,29.92
604.4981,30.2
604.5981,30.01
604.6981,30.29
604.7981,29.63
604.8981,29.35
604.9981,28.6
605.0981,26.43
605.1981,24.08
605.2981,19.66
605.3981,16.65
605.4981,20.69
605.5981,23.52
605.6981,26.9
605.7981,27.56
605.8981,29.63
605.9981,29.26
606.0981,29.54
606.1981,28.88
606.2981,30.29
606.3981,30.2
606.4981,30.29
606.5981,30.29
606.6981,29.63
606.7981,29.82
606.8981,30.2
606.9981,29.35
607.0981,29.82
607.1981,30.01
607.2981,31.23
607.3981,30.57
607.4981,30.57
607.5981,30.86
607.6981,29.92
607.7981,29.54
607.8981,30.01
607.9981,30.29
608.0981,29.73
608.1981,30.48
608.2981,30.67
608.3981,30.86
608.4981,30.2
608.5981,30.2
608.6981,30.67
608.7981,29.73
608.8981,29.92
608.9981,29.73
609.0981,30.57
609.1981,30.2
609.2981,29.73
609.3981,30.48
609.4981,30.01
609.5981,29.63
609.6981,30.2
609.7981,30.57
609.8981,29.26
609.9981,29.92
610.0981,30.67
610.1981,30.01
610.2981,30.29
610.3981,30.29
610.4981,30.01
610.5981,30.2
610.6981,29.54
610.7981,30.76
610.8981,29.07
610.9981,28.5
611.0981,25.49
611.1981,22.57
611.2981,18.53
611.3981,20.97
611.4981,22.2
611.5981,24.83
611.6981,27.75
611.7981,29.54
611.8981,30.1
611.9981,30.01
612.0981,29.73
612.1981,30.48
612.2981,30.1
612.3981,29.63
612.4981,29.63
612.5981,30.2
612.6981,31.33
612.7981,30.39
612.8981,30.48
612.9981,30.57
613.0981,30.29
613.1981,30.39
613.2981,29.92
613.3981,29.92
613.4981,30.76
613.5981,30.95
613.6981,29.73
613.7981,30.57
613.8981,30.01
613.9981,29.82
614.0981,30.76
614.1981,30.2
614.2981,29.73
614.3981,29.82
614.4981,30.76
614.5981,30.29
614.6981,30.67
614.7981,30.48
614.8981,30.2
614.9981,30.39
615.0981,30.1
615.1981,30.76
615.2981,30.29
615.3981,30.57
615.4981,29.54
615.5981,30.39
615.6981,30.48
615.7981,29.73
615.8981,30.29
615.9981,30.2
616.0981,30.48
616.1981,30.67
616.2981,30.67
616.3981,30.67
616.4981,30.29
616.5981,29.82
616.6981,29.92
616.7981,29.73
616.8981,28.69
616.9981,27.09
617.0981,25.68
617.1981,21.92
617.2981,16.55
617.3981,18.43
617.4981,23.52
617.5981,26.06
617.6981,28.41
617.7981,28.88
617.8981,29.82
617.9981,30.86
618.0981,29.54
618.1981,29.73
618.2981,30.48
618.3981,30.39
618.4981,30.01
618.5981,30.95
618.6981,29.92
618.7981,30.57
618.8981,30.01
618.9981,31.04
619.0981,29.92
619.1981,30.67
619.2981,30.67
619.3981,29.92
619.4981,30.39
619.5981,29.16
619.6981,29.82
619.7981,30.29
619.8981,30.01
619.9981,29.35
620.0980999999999,30.01
620.1981000000001,30.86
620.2981,30.01
620.3981,31.04
620.4981,30.57
620.5980999999999,30.67
620.6981000000001,30.67
620.7981,29.82
620.8981,30.1
620.9981,30.76
621.0980999999999,30.39
621.1981000000001,30.57
621.2981,30.2
621.3981,29.26
621.4981,30.48
621.5980999999999,29.44
621.6981000000001,28.6
621.7981,30.29
621.8981,29.54
621.9981,30.39
622.0980999999999,29.92
622.1981000000001,29.63
622.2981,30.01
622.3981,29.44
622.4981,29.63
622.5980999999999,30.76
622.6981000000001,30.86
622.7981,30.1
622.8981,29.35
622.9981,27.66
623.0980999999999,24.46
623.1981000000001,19.66
623.2981,16.55
623.3981,19.75
623.4981,23.89
623.5980999999999,26.43
623.6981000000001,27.56
623.7981,29.82
623.8981,31.33
623.9981,30.95
624.0980999999999,30.01
624.1981000000001,29.92
624.2981,30.67
624.3981,31.04
624.4981,30.01
624.5980999999999,29.82
624.6981000000001,30.1
624.7981,30.48
624.8981,30.29
624.9981,30.01
625.0980999999999,30.01
625.1981000000001,30.39
625.2981,30.39
625.3981,30.2
625.4981,31.33
625.5980999999999,30.29
625.6981000000001,30.76
625.7981,30.67
625.8981,30.67
625.9981,30.76
626.0980999999999,30.29
626.1981000000001,30.1
626.2981,30.67
626.3981,29.92
626.4981,29.73
626.5980999999999,30.01
626.6981000000001,30.2
626.7981,30.2
626.8981,30.2
626.9981,29.26
627.0980999999999,30.29
627.1981000000001,30.48
627.2981,30.76
627.3981,30.1
627.4981,30.2
627.5980999999999,30.1
627.6981000000001,30.39
627.7981,30.1
627.8981,29.92
627.9981,29.35
628.0980999999999,30.29
628.1981000000001,30.86
628.2981,30.86
628.3981,30.95
628.4981,30.67
628.5980999999999,30.1
628.6981000000001,29.82
628.7981,29.54
628.8981,27.75
628.9981,26.24
629.0980999999999,22.76
629.1981000000001,18.81
629.2981,16.83
629.3981,21.73
629.4981,24.55
629.5980999999999,27.66
629.6981000000001,28.69
629.7981,29.92
629.8981,29.82
629.9981,29.54
630.0980999999999,30.67
630.1981000000001,30.48
630.2981,30.1
630.3981,30.39
630.4981,29.73
630.5980999999999,29.54
630.6981000000001,31.04
630.7981,30.48
630.8981,29.54
630.9981,30.57
631.0980999999999,30.39
631.1981000000001,29.82
631.2981,30.29
631.3981,30.67
631.4981,30.2
631.5980999999999,30.48
631.6981000000001,30.48
631.7981,30.2
631.8981,30.01
631.9981,29.63
632.0980999999999,31.52
632.1981000000001,29.82
632.2981,29.63
632.3981,30.01
632.4981,30.01
632.5980999999999,29.82
632.6981000000001,29.73
632.7981,30.76
632.8981,30.29
632.9981,30.95
633.0980999999999,30.2
633.1981000000001,29.73
633.2981,30.29
633.3981,30.67
633.4981,30.57
633.5980999999999,30.39
633.6981000000001,30.39
633.7981,30.48
633.8981,29.73
633.9981,30.48
634.0980999999999,30.95
634.1981000000001,30.86
634.2981,30.48
634.3981,30.57
634.4981,30.57
634.5980999999999,30.2
634.6981000000001,30.48
634.7981,28.88
634.8981,27.94
634.9981,26.43
635.0980999999999,22.2
635.1981000000001,16.65
635.2981,14.01
635.3981,13.16
635.4981,12.79
635.5980999999999,12.69
635.6981000000001,12.69
635.7981,13.16
635.8981,13.73
635.9981,14.95
636.0980999999999,18.15
636.1981000000001,25.96
636.2981,29.44
636.3981,29.35
636.4981,29.73
636.5980999999999,29.63
636.6981000000001,29.54
636.7981,29.92
636.8981,29.92
636.9981,30.39
637.0980999999999,30.29
637.1981000000001,30.01
637.2981,30.2
637.3981,29.92
637.4981,30.48
637.5980999999999,30.01
637.6981000000001,30.01
637.7981,31.04
637.8981,33.4
637.9981,30.48
638.0980999999999,30.48
638.1981000000001,30.48
638.2981,30.1
638.3981,30.48
638.4981,30.57
638.5980999999999,30.01
638.6981000000001,30.1
638.7981,29.73
638.8981,30.39
638.9981,30.86
639.0980999999999,29.82
639.1981000000001,29.73
639.2981,29.63
639.3981,29.82
639.4981,30.29
639.5980999999999,30.39
639.6981000000001,30.01
639.7981,30.67
639.8981,30.01
639.9981,30.57
640.0980999999999,30.67
640.1981000000001,30.29
640.2981,30.29
640.3981,30.67
640.4981,30.1
640.5980999999999,30.1
640.6981000000001,30.48
640.7981,30.39
640.8981,30.67
640.9981,30.95
641.0980999999999,32.83
641.1981000000001,31.89
641.2981,30.39
641.3981,30.1
641.4981,30.95
641.5980999999999,30.57
641.6981000000001,31.04
641.7981,30.57
641.8981,31.14
641.9981,29.82
642.0980999999999,30.76
642.1981000000001,30.67
642.2981,30.2
642.3981,30.2
642.4981,30.1
642.5980999999999,29.92
642.6981000000001,29.82
642.7981,29.92
642.8981,30.29
642.9981,30.29
643.0980999999999,29.92
643.1981000000001,29.92
643.2981,30.39
643.3981,30.67
643.4981,29.63
643.5980999999999,30.67
643.6981000000001,30.39
643.7981,30.67
643.8981,30.29
643.9981,30.2
644.0980999999999,30.39
644.1981000000001,30.57
644.2981,30.39
644.3981,30.95
644.4981,34.06
644.5980999999999,30.39
644.6981000000001,30.39
644.7981,30.1
644.8981,30.39
644.9981,29.92
645.0980999999999,30.57
645.1981000000001,29.73
645.2981,30.39
645.3981,29.63
645.4981,30.29
645.5980999999999,30.39
645.6981000000001,29.82
645.7981,30.39
645.8981,30.29
645.9981,30.01
646.0980999999999,30.1
646.1981000000001,30.48
646.2981,30.2
646.3981,29.92
646.4981,30.01
646.5980999999999,29.73
646.6981000000001,30.29
646.7981,30.48
646.8981,30.39
646.9981,30.01
647.0980999999999,30.57
647.1981000000001,30.1
647.2981,31.04
647.3981,29.92
647.4981,29.82
647.5980999999999,30.39
647.6981000000001,30.76
647.7981,33.87
647.8981,30.95
647.9981,30.39
648.0980999999999,30.95
648.1981000000001,31.14
648.2981,30.76
648.3981,31.04
648.4981,30.76
648.5980999999999,30.1
648.6981000000001,30.29
648.7981,30.39
648.8981,30.1
648.9981,29.82
649.0980999999999,30.29
649.1981000000001,30.39
649.2981,30.39
649.3981,29.92
649.4981,30.2
649.5980999999999,29.92
649.6981000000001,30.2
649.7981,30.01
649.8981,30.01
649.9981,29.35
650.0980999999999,29.82
650.1981000000001,30.29
650.2981,30.29
650.3981,30.39
650.4981,30.01
650.5980999999999,30.2
650.6981000000001,30.67
650.7981,30.29
650.8981,30.95
650.9981,32.55
651.0980999999999,32.08
651.1981000000001,30.29
651.2981,30.29
651.3981,30.39
651.4981,30.86
651.5980999999999,30.29
651.6981000000001,29.92
651.7981,30.01
651.8981,29.73
651.9981,30.01
652.0980999999999,30.39
652.1981000000001,30.2
652.2981,29.92
652.3981,30.1
652.4981,30.29
652.5980999999999,30.86
652.6981000000001,29.82
652.7981,30.29
652.8981,30.2
652.9981,30.2
653.0980999999999,30.1
653.1981000000001,30.29
653.2981,30.29
653.3981,29.92
653.4981,30.2
653.5980999999999,30.2
653.6981000000001,30.48
653.7981,30.2
653.8981,30.48
653.9981,30.48
654.0980999999999,30.67
654.1981000000001,30.57
654.2981,31.42
654.3981,33.87
654.4981,30.76
654.5980999999999,31.04
654.6981000000001,31.23
654.7981,31.14
654.8981,30.86
654.9981,30.67
655.0980999999999,30.2
655.1981000000001,30.48
655.2981,30.1
655.3981,30.2
655.4981,30.48
655.5980999999999,30.29
655.6981000000001,30.1
655.7981,30.48
655.8981,30.48
655.9981,30.29
656.0980999999999,30.48
656.1981000000001,30.01
656.2981,30.01
656.3981,30.29
656.4981,30.39
656.5980999999999,30.57
656.6981000000001,30.01
656.7981,29.92
656.8981,30.1
656.9981,30.29
657.0980999999999,30.2
657.1981000000001,30.2
657.2981,30.29
657.3981,30.67
657.4981,30.29
657.5980999999999,30.76
657.6981000000001,33.87
657.7981,30.57
657.8981,30.86
657.9981,30.57
658.0980999999999,30.2
658.1981000000001,31.04
658.2981,30.86
658.3981,30.48
658.4981,30.1
658.5980999999999,30.39
658.6981000000001,30.29
658.7981,30.2
658.8981,30.48
658.9981,30.01
659.0980999999999,30.01
659.1981000000001,30.39
659.2981,30.67
659.3981,30.29
659.4981,30.39
659.5980999999999,30.39
659.6981000000001,30.48
659.7981,30.57
659.8981,30.67
659.9981,30.39
660.0980999999999,30.48
660.1981000000001,30.48
660.2981,30.48
660.3981,30.57
660.4981,30.48
660.5980999999999,30.67
660.6981000000001,30.86
660.7981,31.42
660.8981,33.49
660.9981,32.74
661.0980999999999,30.95
661.1981000000001,31.23
661.2981,30.57
661.3981,30.67
661.4981,30.1
661.5980999999999,30.01
661.6981000000001,29.92
661.7981,30.1
661.8981,30.2
661.9981,30.67
662.0980999999999,30.2
662.1981000000001,29.73
662.2981,29.92
662.3981,30.29
662.4981,30.57
662.5980999999999,30.01
662.6981000000001,30.29
662.7981,29.82
662.8981,30.2
662.9981,30.29
663.0980999999999,30.57
663.1981000000001,31.04
663.2981,30.1
663.3981,30.1
663.4981,30.29
663.5980999999999,30.48
663.6981000000001,30.48
663.7981,30.1
663.8981,30.57
663.9981,31.04
664.0980999999999,30.76
664.1981000000001,31.52
664.2981,33.59
664.3981,30.29
664.4981,30.86
664.5980999999999,30.76
664.6981000000001,31.14
664.7981,30.39
664.8981,30.48
664.9981,30.67
665.0980999999999,29.92
665.1981000000001,30.29
665.2981,30.76
665.3981,30.86
665.4981,29.82
665.5980999999999,30.39
665.6981000000001,30.48
665.7981,30.57
665.8981,30.76
665.9981,30.29
666.0980999999999,30.29
666.1981000000001,30.86
666.2981,30.39
666.3981,30.57
666.4981,30.67
666.5980999999999,30.39
666.6981000000001,30.48
666.7981,30.48
666.8981,30.57
666.9981,31.42
667.0980999999999,31.14
667.1981000000001,31.61
667.2981,31.23
667.3981,30.76
667.4981,31.42
667.5980999999999,33.87
667.6981000000001,31.04
667.7981,30.48
667.8981,30.76
667.9981,29.92
668.0980999999999,30.86
668.1981000000001,30.67
668.2981,30.76
668.3981,30.95
668.4981,30.39
668.5980999999999,30.76
668.6981000000001,30.48
668.7981,30.76
668.8981,30.67
668.9981,30.2
669.0980999999999,29.92
669.1981000000001,29.73
669.2981,30.01
669.3981,29.63
669.4981,30.48
669.5980999999999,30.2
669.6981000000001,29.73
669.7981,30.57
669.8981,30.48
669.9981,30.39
670.0980999999999,30.1
670.1981000000001,30.67
670.2981,30.57
670.3981,30.67
670.4981,30.48
670.5980999999999,30.95
670.6981000000001,30.39
670.7981,32.36
670.8981,32.93
670.9981,31.14
671.0980999999999,30.39
671.1981000000001,30.39
671.2981,30.67
671.3981,30.76
671.4981,30.29
671.5980999999999,31.04
671.6981000000001,30.48
671.7981,30.76
671.8981,30.76
671.9981,30.01
672.0980999999999,30.48
672.1981000000001,30.39
672.2981,30.29
672.3981,30.39
672.4981,30.39
672.5980999999999,30.01
672.6981000000001,30.57
672.7981,30.57
672.8981,30.48
672.9981,30.76
673.0980999999999,30.86
673.1981000000001,30.86
673.2981,30.76
673.3981,30.95
673.4981,30.86
673.5980999999999,30.76
673.6981000000001,31.7
673.7981,31.52
673.8981,30.76
673.9981,31.33
674.0980999999999,31.61
674.1981000000001,33.21
674.2981,31.33
674.3981,30.57
674.4981,30.76
674.5980999999999,30.1
674.6981000000001,30.2
674.7981,30.67
674.8981,30.57
674.9981,30.86
675.0980999999999,30.29
675.1981000000001,30.29
675.2981,30.67
675.3981,31.14
675.4981,29.82
675.5980999999999,30.57
675.6981000000001,30.67
675.7981,30.39
675.8981,30.2
675.9981,30.39
676.0980999999999,30.57
676.1981000000001,30.2
676.2981,31.23
676.3981,30.48
676.4981,30.39
676.5980999999999,30.48
676.6981000000001,30.39
676.7981,30.76
676.8981,30.2
676.9981,30.57
677.0980999999999,30.76
677.1981000000001,30.48
677.2981,30.29
677.3981,31.8
677.4981,33.3
677.5980999999999,30.2
677.6981000000001,30.2
677.7981,30.29
677.8981,30.57
677.9981,30.2
678.0980999999999,30.57
678.1981000000001,30.2
678.2981,30.95
678.3981,30.1
678.4981,30.39
678.5980999999999,30.1
678.6981000000001,30.57
678.7981,30.57
678.8981,30.1
678.9981,30.76
679.0980999999999,30.57
679.1981000000001,30.2
679.2981,30.67
679.3981,30.67
679.4981,30.86
679.5980999999999,30.67
679.6981000000001,30.86
679.7981,31.14
679.8981,30.86
679.9981,30.86
680.0980999999999,31.23
680.1981000000001,31.42
680.2981,31.42
680.3981,30.67
680.4981,30.95
680.5980999999999,31.23
680.6981000000001,32.36
680.7981,32.93
680.8981,30.39
680.9981,30.95
681.0980999999999,30.01
681.1981000000001,30.29
681.2981,30.48
681.3981,30.39
681.4981,30.29
681.5980999999999,29.54
681.6981000000001,30.29
681.7981,30.67
681.8981,30.01
681.9981,30.1
682.0980999999999,30.39
682.1981000000001,29.82
682.2981,29.92
682.3981,30.48
682.4981,29.92
682.5980999999999,30.29
682.6981000000001,29.73
682.7981,29.63
682.8981,29.35
682.9981,29.44
