Distance(ft),ch0_dB_20260203_093444,ch1_dB_20260203_093444,ch2_dB_20260203_093444,ch3_dB_20260203_093444,ch4_dB_20260203_093444,ch5_dB_20260203_093444
-85.0336273832636,-40.24973011825736,-43.68715824677102,-44.13592524771795,-41.22999192933002,-35.519175909270295,4.0808289023553375
-80.55817331046026,-39.833059366178375,-43.149507431021306,-43.012789224831884,-40.87974758941037,-34.9950249790447,-14.372323932720938
-76.08271923765692,-39.27190912700776,-42.758988404159304,-43.289898986694396,-40.31550566655463,-34.46500977156714,-15.072435093898429
-71.60726516485356,-38.71766135195557,-42.39251182153631,-42.44911933787379,-39.74510213632867,-33.88504490320705,-20.741004292009283
-67.13181109205021,-38.10735296886773,-41.94067227990107,-42.012444053280326,-39.12595562662749,-33.27768721420796,-22.621843448151587
-62.65635701924687,-37.4724705090809,-41.48882317540818,-41.11114729753564,-38.47202408957219,-32.634069989388884,-23.25154825723175
-58.180902946443524,-36.775082003026874,-41.00529390146279,-41.073585630041975,-37.79227553242205,-31.94055456443668,-23.689556505724436
-53.70544887364018,-36.01269544003888,-40.484013468609206,-40.07181135411024,-37.01795750019593,-31.175297435513954,-25.05232461853751
-49.22999480083683,-35.19692045947708,-39.91469046728914,-39.671387009181394,-36.178437488402636,-30.363530721544244,-29.42345970491455
-44.75454072803348,-34.305354063744275,-39.255143852678586,-38.35762532065105,-35.29536493073549,-29.470106155167926,-31.52898997826351
-40.27908665523014,-33.32068285364383,-38.54278987236819,-37.831239147698014,-34.30246280228922,-28.46822583888248,-32.57921911543353
-35.80363258242678,-32.21987906015603,-37.72382226107892,-36.93595927442802,-33.178742978354805,-27.36216298979578,-34.02235991223614
-31.328178509623434,-30.965314763055186,-36.765412219102764,-35.852817169434765,-31.92318935150288,-26.097709750075545,-4.09250331437017
-26.852724436820097,-29.5275877283934,-35.59733344856138,-34.531267140699384,-30.462198471463488,-24.63295357697956,-10.586143436622603
-22.377270364016745,-27.82269338072937,-34.1537127271848,-32.71967017549955,-28.738904238941103,-22.9001079515441,-15.817681573759767
-17.901816291213407,-25.74060888610697,-32.309143661480675,-31.24392884379697,-26.616564199115725,-20.752233973212938,-18.656406664848156
-13.426362218410048,-23.044304738380134,-29.70959220150125,-28.657937673596287,-23.861486618251682,-17.945866781821945,-23.162217483222392
-8.950908145606704,-19.184169514955233,-25.626388400804192,-26.092626310676593,-19.86544869213098,-13.839980503561282,-24.210694965543894
-4.475454072803359,-12.08285407790755,-17.039628154612608,-19.89401855907432,-12.315682308424215,-5.967446199913616,-24.74201322107433
0.0,-4.09250331437017,-9.688565170580956,-9.742816939139473,0.6802012082423491,5.1064700843330275,-24.88868701475855
4.4754540728033305,-16.162368487863738,-24.350008732714763,-16.147428260658184,-14.189225614277692,-9.3680593232057,-25.973455724323436
8.95090814560669,-18.74095130260686,-30.986326116473307,-22.445793644478577,-21.263050714556716,-16.644704048792626,-29.52052416452496
13.426362218410048,-23.596378462118114,-45.26817727030206,-27.19555584857971,-25.03625326637099,-19.131655854937105,-29.64990731475659
17.90181629121338,-26.065321260788366,-48.7705769835732,-29.14523141507441,-26.680014503313263,-21.22165594742311,-30.310325498954185
22.377270364016738,-26.29087705581592,-58.486113445924516,-32.80970884197127,-28.809592259178068,-23.314060377879656,4.0808289023553375
26.852724436820083,-29.012717352573553,-41.15000061394718,-33.408679857704165,-30.219468507844486,-24.122082053049457,-14.372323932720938
31.328178509623413,-30.077870410339806,-47.354621798151086,-38.75192917110472,-32.05802977100716,-26.033778423879156,-15.072435093898429
35.80363258242677,-29.81591514323869,-42.79540878142108,-36.780587905513585,-32.82084592432376,-25.379519041487228,-20.741004292009283
40.27908665523012,-30.89524228596719,-43.243779931693275,-38.14621855725696,-33.94551222539934,-28.00433498690738,-22.621843448151587
44.75454072803343,-32.01099030332457,-43.45622175777251,-36.803663579761235,-34.2260334399569,-28.459449085179934,-23.25154825723175
49.22999480083679,-31.550579702271797,-41.014524505624614,-37.84816700414429,-33.387696781817134,-27.416657209789253,-23.689556505724436
53.70544887364015,-32.96735827824691,-39.78869918427007,-42.006881047699395,-35.20423661523378,-28.09051045518986,-25.05232461853751
58.18090294644351,-32.081983864460895,-39.45095240968782,-34.110427296219136,-32.991813962845484,-28.376175651776126,-29.42345970491455
62.65635701924687,-32.90040859095291,-38.695882695032516,-35.46186346116615,-33.63613913453751,-28.630627347459054,-31.52898997826351
67.1318110920502,-32.76143264453312,-36.03336276338957,-37.73213381354641,-37.46634532319231,-30.127953978509936,-32.57921911543353
71.60726516485356,-30.310325498954185,-36.387235652341055,-38.94433207889997,-35.106740555332856,-29.201081883617015,-34.02235991223614
76.08271923765689,-32.062542023780786,-35.00120997596315,-34.132195059189215,-34.44089206024107,-29.214738315845924,-4.09250331437017
80.55817331046025,-31.085337005176562,-31.928407599008896,-37.65874904088471,-32.41703763325199,-28.8612083433239,-10.586143436622603
85.0336273832636,-29.5649454086822,-31.598247616585347,-36.01632994308262,-33.01921561821642,-27.16187175886767,-15.817681573759767
89.50908145606694,-27.71927996048634,-28.167410641010836,-33.35365859457521,-31.411643597651544,-26.086954398027565,-18.656406664848156
93.98453552887027,-24.308954923450674,-25.241940787763543,-29.868409990839293,-27.92763812907843,-22.72898857915616,-23.162217483222392
98.45998960167363,-15.817681573759767,-16.16735025564433,-20.463516472271422,-18.136095988668476,-13.969710739021906,-24.210694965543894
102.93544367447699,-19.976249803628622,-23.652187909577584,-36.055003656574144,-25.725569426398426,-18.815577737304135,-24.74201322107433
107.41089774728032,-18.656406664848156,-18.707939967232118,-22.332283725294854,-18.06406232975657,-17.206314302050004,-24.88868701475855
111.8863518200837,-29.746929156895394,-29.02029109908583,-21.42904795646789,-22.818780529960094,-26.10289663953326,-25.973455724323436
116.36180589288703,-33.451465717093896,-36.83175391614529,-24.789884981767877,-26.141592731202856,-32.39520424223757,-29.52052416452496
120.83725996569036,-22.47565480521083,-19.483813162269584,-16.97739779379944,-19.702687697392328,-28.658595533186517,-29.64990731475659
125.31271403849372,-10.586143436622603,-7.3442423025974275,-29.590127063287987,-10.266101137714092,-16.232498303545984,-30.310325498954185
129.78816811129707,-29.071068548748027,-21.481391456231208,-24.96728954009281,-37.15797263880741,-28.950943323184553,-7.3442423025974275
134.26362218410043,-33.47493785977598,-26.75803534470663,-29.425234054518313,-38.60980671640742,-31.291952153386756,-9.688565170580956
138.7390762569038,-34.90055085322146,-28.394252361482508,-32.211580835529666,-44.22431401142226,-34.165270179801354,-16.16735025564433
143.2145303297071,-34.78939210307557,-29.987026842762297,-36.25202534918613,-47.92660085219862,-36.299381183891214,-18.707939967232118
147.68998440251045,-36.12035732300615,-31.846739986573432,-39.59878537199885,-41.0836847791828,-39.18865215263829,-24.033679464475153
152.1654384753138,-36.797266497977354,-30.088929876266597,-37.329827894952366,-38.260218583946354,-30.73756286076189,-24.54721426848105
156.64089254811717,-24.88868701475855,-24.54721426848105,-24.42839555481956,-28.908368891318954,-35.89318817323605,-26.200368591397165
161.11634662092047,-40.06148455091706,-35.12711150796574,-31.68765018557029,-40.3201748778735,-36.38713477423361,-28.23244629695546
165.59180069372383,-42.627869582073885,-35.21233530765255,-36.65007842737274,-50.67906668438681,-36.413472665286534,-29.26511307664648
170.06725476652724,-39.04089007122665,-35.46392325938672,-35.36775196464582,-41.39141647160764,-35.0764453499868,-29.553755469279537
174.5427088393305,-31.373983895502825,-29.553755469279537,-30.35378056405248,-40.39122022443733,-36.2629109836689,-32.418262393485065
179.0181629121339,-54.743317786401555,-33.51176217682457,-34.57371940636302,-38.19190174695774,-30.989076153103202,-33.75362489162181
183.4936169849372,-44.04739069880713,-29.26511307664648,-28.125051289381148,-29.026052258254108,-23.88562630277962,-9.742816939139473
187.96907105774056,-23.162217483222392,-33.95551395946545,-21.72257632080628,-21.088228493937784,-17.924539048096445,-16.97739779379944
192.44452513054392,-31.21388740000791,-33.358995206511025,-39.349907315222545,-37.351709847949344,-33.91973893908037,-20.463516472271422
196.91997920334728,-40.63808381624631,-39.75801807945341,-45.721726826174056,-58.77348821804061,-42.93313321774053,-21.42904795646789
201.39543327615064,-41.577540146717865,-33.75362489162181,-43.190525640215796,-50.70693397915858,-52.8116896040764,-21.72257632080628
205.870887348954,-43.69957645864493,-39.023996841100825,-45.84969304668875,-56.10809861813287,-55.04388677593962,-24.42839555481956
210.34634142175736,-50.35454266382886,-38.87681216415465,-45.797904490219466,-50.05365443559607,-50.40603063924655,-24.96728954009281
214.82179549456072,-42.420839690501964,-39.10084692451937,-42.46310957665013,-45.358107971520134,-46.53300409866788,-29.61524995396845
219.29724956736402,-45.839021968477994,-37.974620927026535,-38.431284494233026,-40.3402941301855,-38.88565081201024,-30.35378056405248
223.77270364016732,-40.542896691074674,-34.422927657603196,-34.161449460551204,-32.546313181385145,-35.25154813715957,-30.682464096436355
228.24815771297074,-41.58228287803617,-41.03648763008427,-46.53768891326409,-45.14330213079557,-44.47993314284428,-31.844348461849673
232.72361178577404,-38.22054294913057,-43.93946948389117,-57.367922197746836,-46.25710491494054,-45.87624853299878,-33.3558032386307
237.1990658585774,-29.64990731475659,-39.22179763771109,-34.60941027734075,-35.987684861561206,-39.57836500546529,4.0808289023553375
241.67451993138076,-42.44920129799151,-40.31790986962904,-42.591879656423465,-46.8481419763787,-41.727997478968774,-14.372323932720938
246.14997400418412,-40.04210297178445,-38.233076398945606,-54.07598496941387,-46.098583269610636,-51.565761275192784,-15.072435093898429
250.62542807698742,-33.5080170477051,-34.206487067891125,-37.16027527563318,-41.68079969778948,-45.904220344149174,-20.741004292009283
255.10088214979083,-38.99060227462016,-36.60670469622862,-43.071130235983865,-42.49610751816352,-49.734366018709636,-22.621843448151587
259.5763362225942,-25.973455724323436,-26.200368591397165,-29.61524995396845,-32.209363385241836,-36.28010800564303,-23.25154825723175
264.0517902953975,-26.648164917385593,-33.76717684945568,-33.38419518673889,-38.011305673507906,-39.97441659084361,-23.689556505724436
268.52724436820085,-32.581197287362514,-39.16901202237644,-38.69748018174966,-44.403233265871506,-41.752594251847725,-25.05232461853751
273.00269844100416,-29.52052416452496,-32.418262393485065,-33.3558032386307,-38.13003067430421,-37.321402517651165,-29.42345970491455
277.4781525138075,-41.324204153855774,-40.81794442790201,-42.99093790137849,-42.77193756031579,-61.52281224082206,-31.52898997826351
281.9536065866109,-39.12512414317075,-40.67189136886472,-50.90077118314039,-52.40038705368094,-53.68198651163982,-32.57921911543353
286.42906065941423,-36.18375659615801,-33.533607275531594,-36.260018870943654,-40.70603061333316,-49.303592907655336,-34.02235991223614
290.9045147322176,-24.74201322107433,-24.033679464475153,-31.844348461849673,-26.10087527872,-33.316806905503846,-4.09250331437017
295.37996880502095,-37.5308251387099,-42.18238675772361,-36.82576044278428,-40.567141223636476,-56.67358628824006,-10.586143436622603
299.85542287782425,-42.044166791609705,-38.921841766619,-40.602689039173,-50.404562014890395,-49.55650485192736,-15.817681573759767
304.33087695062767,-43.900296530460245,-38.68387571085205,-40.929300210632306,-52.91596322289852,-48.11086145196779,-18.656406664848156
308.806331023431,-45.883874356136204,-38.01719643772381,-41.00011410932805,-50.386280549133545,-51.937342676172726,-23.162217483222392
313.2817850962343,-42.47446658792676,-37.17156607123043,-37.483117076525396,-44.807042805479156,-45.408925438818706,-24.210694965543894
317.7572391690377,-28.398933996250506,-33.28591202229782,-35.27192446018959,-35.39866068701732,-38.91072858008423,-24.74201322107433
322.232693241841,-24.210694965543894,-28.23244629695546,-30.682464096436355,-31.993252643299158,-39.72131053308801,-24.88868701475855
326.70814731464435,-38.73511513672725,-42.29576763216981,-50.37879342286359,-48.69120407700217,-43.493151339407426,-25.973455724323436
331.1836013874477,-47.2249757388392,-86.44927756201733,-50.51581958997928,-51.8419600640304,-45.99815844375136,-29.52052416452496
335.65905546025107,-51.76005288613769,-45.54006603567285,-49.46750539887853,-51.42062409015647,-47.68041611265893,-29.64990731475659
340.13450953305437,-56.019612901612305,-49.45991448972934,-49.321856001813494,-55.99902811901099,-55.4458160424158,-30.310325498954185
344.6099636058578,-47.942300759578885,-49.005422806783955,-49.56035885045215,-55.12653450014576,-49.96816433968854,-7.3442423025974275
349.08541767866103,-54.42552194489497,-48.673103317267746,-50.073768839690885,-50.92687002039842,-50.22107823803533,-9.688565170580956
353.56087175146445,-44.40497309486423,-46.619274998408294,-46.49255344664969,-57.20522551838581,-49.94177249364749,-16.16735025564433
358.03632582426775,-47.18765078317092,-49.34537802663945,-48.464333685611656,-52.91018174356572,-50.68271106578404,-18.707939967232118
362.51177989707116,-44.55388450281711,-44.13172529407593,-45.9470772267067,-56.68246540580064,-49.72822552628386,-24.033679464475153
366.98723396987447,-50.28704251447672,-48.328603501965276,-52.781104754229304,-49.69820403609144,-50.40316768610411,-24.54721426848105
371.4626880426778,-54.051283269176324,-53.87554493916187,-51.88810627673484,-51.64939626668469,-49.02568049481381,-26.200368591397165
375.93814211548124,-44.10433862452994,-43.906008804512226,-51.07329406981534,-58.03749301261311,-53.3626348651286,-28.23244629695546
380.4135961882845,-49.599762678992306,-49.74082143795287,-53.444288753323406,-59.49476664194439,-51.34579351671423,-29.26511307664648
384.8890502610878,-53.561357275721875,-47.04505247629403,-53.36774365073423,-56.391136398041404,-50.6375750991291,-29.553755469279537
389.36450433389126,-41.372149394786334,-45.028897419892914,-49.125710701379134,-57.01985472233613,-49.46692620117293,-32.418262393485065
393.8399584066947,-43.228488345140576,-54.262050806577776,-49.00610854742347,-48.82842645527941,-52.716141443389475,-33.75362489162181
398.3154124794979,-45.01177544149999,-53.5014945043343,-48.967476616506644,-51.208486695915944,-52.09081312709368,-9.742816939139473
402.7908665523012,-59.87864174496417,-46.562107942595965,-52.176009155372924,-55.391911731236675,-53.040764323557276,-16.97739779379944
407.2663206251046,-55.601679297820795,-46.22846217286806,-58.860289925175344,-54.89101285242215,-53.4050942054498,-20.463516472271422
411.74177469790806,-55.6641968777305,-50.34142756342849,-52.77953948522125,-60.04604884604711,-52.95787055033523,-21.42904795646789
416.2172287707113,-58.53553389574648,-48.67455385143888,-53.81960062930262,-56.328987367791754,-51.93158426071786,-21.72257632080628
420.6926828435146,-60.080209616209316,-51.158759015700525,-52.879750888386425,-56.58655674987515,-52.89448301205699,-24.42839555481956
425.1681369163181,-59.62688017881949,-49.52337043246735,-51.96998559841634,-56.50145852292137,-51.37349377222531,-24.96728954009281
429.64359098912144,-60.282408712165406,-48.98910245959638,-52.47746895199814,-56.37158998162982,-52.146866174501625,-29.61524995396845
434.11904506192457,-50.55632478137646,-50.24362804021596,-55.19882820339886,-61.27601652623987,-53.06535824733579,-30.35378056405248
438.59449913472804,-54.80969760921848,-51.78254553343905,-56.46072450232742,-59.76137152970614,-51.68924314740238,-30.682464096436355
443.0699532075314,-56.41327524977585,-50.338399780877666,-52.190917051122995,-56.57268397216306,-52.4740355405251,-31.844348461849673
447.54540728033487,-53.76481298591753,-51.07121971420055,-52.6674571398215,-55.50769477445721,-53.05983003833838,-33.3558032386307
452.020861353138,-49.62960034981175,-49.808430785978715,-54.67134002909085,-58.46366106082482,-52.72431491689215,0.6802012082423491
456.49631542594136,-53.64528687744058,-54.29098566540959,-58.18833755517762,-55.83365623522533,-52.58215913168257,-10.266101137714092
460.9717694987447,-52.24772421654358,-51.13984358601749,-57.65647916524812,-58.804105027763434,-51.90988134914667,-18.06406232975657
465.4472235715482,-64.79885692455836,-53.986672609671416,-53.32286091370762,-57.892498148096806,-53.1325536649425,-18.136095988668476
469.92267764435144,-59.645810496211,-53.05606895711655,-55.64630733640395,-57.24922773382141,-53.21386947612163,-21.088228493937784
474.3981317171548,-56.74683579341689,-53.04752719958789,-56.08628209691695,-57.10870322159003,-52.606075014866214,-26.10087527872
478.87358578995816,-56.37835873140885,-53.828351109366636,-54.9170778875171,-57.67887079413601,-53.24276525582601,-28.908368891318954
483.3490398627615,-58.300998000576485,-54.38278057794258,-54.84488719708893,-57.14998463416271,-53.377340561082946,-31.993252643299158
487.8244939355649,-51.83036423810557,-55.89055116777261,-52.27076790836488,-56.49894178612466,-53.57909004794318,-32.209363385241836
492.2999480083681,-67.60510806853075,-53.11274153817945,-58.12734577554651,-58.09516395787091,-53.06635130606303,-32.546313181385145
496.7754020811716,-60.823942054707565,-53.93672937489376,-55.43289153727797,-58.8920789707077,-53.599769012663685,-32.991813962845484
501.25085615397495,-58.728946694671734,-53.709246537036954,-58.368882033355554,-57.570053128121835,-53.89750271159417,-35.987684861561206
505.7263102267783,-58.6822531956837,-53.80306959770359,-55.99610705281598,-59.10874583349195,-53.91818806100161,5.1064700843330275
510.20176429958144,-52.47031450776336,-56.888811790163,-59.09312444641096,-55.430118031281665,-53.66583623782101,-13.969710739021906
514.677218372385,-41.72336846094569,-47.044278115683944,-47.7313350571632,-50.30618059693282,-56.6174665330126,-16.232498303545984
519.1526724451884,-46.17509808848129,-49.392020318070024,-53.93636962726876,-59.372341689870524,-52.874442904982445,-17.206314302050004
523.6281265179916,-54.11576702670171,-50.56197160631966,-53.176911644119585,-60.640991884493474,-52.76642805750952,-17.924539048096445
528.1035805907949,-54.4323156675281,-52.22163901078411,-55.14270822338344,-60.197127399964955,-53.26860025155745,-27.416657209789253
532.5790346635982,-55.09059292653344,-52.455581265691784,-55.3240273373629,-59.6504763586363,-53.632845898653585,-30.73756286076189
537.0544887364017,-56.7530083733058,-52.88284695768284,-54.85401806999584,-60.003537785403495,-53.36065022329154,-33.316806905503846
541.5299428092051,-57.42897036749176,-53.76823420687656,-57.06812951576094,-59.74451265004589,-53.972534613351016,-35.0764453499868
546.0053968820084,-55.29047968277375,-53.293289945293736,-54.724232974622204,-59.98670343224933,-53.99176899985698,-35.25154813715957
550.4808509548117,-56.39933847041309,-53.3257208335111,-56.53667191847059,-60.38954404915016,-53.65005841014785,-36.28010800564303
554.9563050276151,-56.62331044245852,-53.77641605304574,-56.296493757772666,-59.992331548317296,-53.92565051076146,-37.321402517651165
559.4317591004184,-56.6612745341872,-53.59310411766085,-57.49407713074427,-60.07226383032705,-53.867053827436926,
563.9072131732219,-56.99854202625082,-54.12726855599103,-55.365222388135535,-59.88256117869298,-53.923650600222615,
568.3826672460251,-57.307995704618065,-53.945532086174836,-57.27345745024192,-60.38041555048734,-54.20868824849065,
572.8581213188285,-56.78644735916443,-53.87903298094606,-57.164954920532,-59.99974227445841,-54.12860532754972,
577.3335753916318,-56.91269163257498,-54.347495383797586,-57.08181466791795,-60.32002452989712,-54.19498492743461,
581.8090294644351,-57.70287346188048,-54.05891479932322,-56.74132560714277,-60.23296179070833,-54.20973080581109,
586.2844835372384,-57.90937091983768,-54.144647811053126,-56.39821739147044,-60.15885681979945,-54.29788026998758,
590.7599376100419,-57.35183681842395,-54.645791454786064,-58.186220280968676,-60.453195015283654,-54.502358871806265,
595.2353916828453,-58.000248113208116,-54.29745854619157,-57.43629827824975,-60.40205376196482,-54.45699135978287,
599.7108457556485,-58.33187012333341,-54.43425018678394,-57.468348495834654,-60.679197454526246,-54.690160105691,
604.186299828452,-58.48491310797026,-54.36680115932912,-57.68670335637913,-60.247741424389936,-54.69192786383222,
608.6617539012552,-57.968359813188314,-54.60065222651976,-57.165328383755075,-60.7352519809212,-54.592872451390704,
613.1372079740586,-57.23753498068995,-55.057731257021594,-57.008598588305574,-59.764122189289175,-54.51646360955996,
617.6126620468619,-58.19013201549919,-55.127690664570494,-58.92781210540383,-60.61888856266853,-54.680233149327904,
622.0881161196653,-57.878365415865495,-55.17067264165875,-57.6497059198364,-60.79425705106283,-54.73630846101911,
626.5635701924687,-58.15307515881868,-55.020105426867175,-58.763607381214406,-60.91942019473954,-54.87979175297606,
631.0390242652719,-58.10936220100708,-55.08053157558926,-56.2156075298484,-60.98246347347839,-54.7228977094527,
635.5144783380753,-58.55274235573198,-55.41621428971311,-57.24814005147775,-60.825546139739856,-54.95023002822855,
639.9899324108786,-59.0768517116302,-55.66405815677673,-59.93436498420385,-60.82272279114021,-55.08108975158136,
644.4653864836821,-58.69433750466116,-55.329339705401985,-57.688222826515734,-61.23982453113955,-55.040875555305746,
648.9408405564853,-59.173108380780064,-55.305058844667485,-57.8684513128134,-61.05661362033561,-55.00833696029005,
653.4162946292887,-58.68541254473692,-55.489675987541354,-58.001746338684626,-61.27164806427042,-55.23660914193738,
657.8917487020921,-58.711067914202914,-55.598633646985775,-56.75690598726652,-61.11704340048199,-55.13838396672735,
662.3672027748954,-58.92582871052622,-55.53749073789918,-62.32467365237258,-61.034432473156286,-55.19422966286767,
666.8426568476988,-58.798851137863494,-55.68502022974662,-56.86273578760798,-61.38320469696097,-55.224315598319066,
671.318110920502,-58.8670752259194,-55.77168689711813,-57.834667744888336,-61.13303871520153,-55.28720939160393,
675.7935649933055,-59.00830582802052,-55.77385351338322,-57.25511617317495,-61.31207398093032,-55.42574296844585,
680.2690190661089,-59.08362557375262,-55.77666394987497,-60.5545506226595,-61.68731408989247,-55.46732741050033,
684.7444731389121,-59.2460101305702,-55.73336296759834,-58.975221957908275,-61.284227621888164,-55.41678978295705,
689.2199272117153,-59.425684616138064,-56.029692922120056,-57.25427258906666,-61.41675650925052,-55.463010203695724,
693.6953812845189,-59.34139005146999,-56.0198651600265,-56.18116665796876,-61.81195949457673,-55.61782447547442,
698.1708353573223,-59.25654885894055,-56.15198606937446,-61.1524796518449,-61.57303588507831,-55.54119007003401,
702.6462894301256,-59.269320046904994,-56.113043813484744,-58.32476705541316,-61.66728331695846,-55.70678561171483,
707.1217435029288,-59.66994381795486,-56.36337753625355,-58.24758544423278,-61.73437637326391,-55.72727777794924,
711.5971975757321,-59.72655844839113,-56.50022810622409,-59.415521903626505,-61.86691901219437,-55.68858590878278,
716.0726516485356,-59.305489623511534,-56.41500846487487,-58.192182600519956,-61.521432793767524,-55.85135574152629,
720.548105721339,-59.55283040827672,-56.2539884605981,-61.16057857205469,-61.635642662536334,-55.85935842395496,
725.0235597941422,-59.485513550538315,-56.47825519340994,-56.84609915197438,-61.57725416401312,-55.741373841836975,
729.4990138669456,-59.45577236649986,-56.52975134642422,-61.4450160954675,-62.00174159895803,-55.83642601726499,
733.974467939749,-59.744460347221484,-56.57272212493603,-58.70629051446821,-61.81806774966653,-56.09774411245991,
738.4499220125523,-59.905901398696805,-56.58781384053394,-59.282144159080275,-62.02010970714377,-56.027877983926714,
742.9253760853557,-59.84247671001163,-56.85335624134042,-58.23321083554341,-62.23434884582437,-56.18071655263148,
747.400830158159,-59.915879279143766,-56.940966637626865,-61.13525354477144,-62.11545622207198,-56.17680227911008,
751.8762842309624,-59.75915712391759,-56.92562832397257,-58.780650505050346,-62.2890009364844,-56.10490514673553,
756.3517383037657,-60.14622795135008,-56.783861338322914,-60.561686179729236,-61.90989905570218,-56.17630798668762,
760.8271923765691,-60.208862095603095,-56.89552718479008,-57.392012385148234,-62.128614968712824,-56.26158597314718,
765.3026464493723,-60.00125028262183,-56.91113710126423,-62.24815509224959,-62.281216248742595,-56.17581114761048,
769.7781005221758,-60.04779163396411,-57.08883156998225,-59.07308975854057,-62.323706826939656,-56.32382779315441,
774.2535545949792,-60.0809629718034,-57.04453331198947,-57.84214540563361,-62.42912633892364,-56.21463829293029,
778.7290086677824,-60.26823505688362,-56.93082361468786,-62.86976262473533,-62.563133090049625,-56.39842383906461,
783.2044627405857,-60.24409223890294,-57.31267994514852,-57.51458062633807,-62.1629143710522,-56.38351558418008,
787.6799168133891,-60.17676293509271,-57.31162917365267,-62.28283035233484,-62.18549566165764,-56.36927127011786,
792.1553708861925,-60.46095503403243,-57.25943963956161,-58.86843111168872,-62.528773342972556,-56.40179739493142,
796.6308249589957,-60.372252899866076,-57.26168309295331,-59.48620832028374,-62.42533741307315,-56.64684427187936,
801.1062790317991,-60.37707935572846,-57.26571564378467,-61.48377489690673,-62.22376701284308,-56.50540856078446,
805.5817331046024,-60.416269092866166,-57.34942544902858,-58.9254334116593,-62.57390129997802,-56.620245138124176,
810.0571871774059,-60.31800176713481,-57.4804535158401,-60.97872484278534,-62.6238686725927,-56.54306574349309,
814.5326412502093,-60.75195189855266,-57.469687445350566,-59.09284619912156,-62.923872381591565,-56.666790225197644,
819.0080953230125,-60.52455651231969,-57.62192588899854,-63.41455605308462,-62.64528043403324,-56.81714636265805,
823.483549395816,-60.559004458947214,-57.64730745709442,-57.614012884289764,-62.70613327999215,-56.84271890867704,
827.9590034686192,-60.799072156472604,-57.639594573448115,-60.56073430657203,-62.74145301592645,-56.73914874763196,
832.4344575414226,-60.78351377405508,-57.67426092031986,-59.35749326086409,-62.90499391505604,-56.76570990773301,
836.9099116142261,-60.628120594682784,-57.78435613486897,-60.183546958413686,-62.96503230208457,-56.86215757584674,
841.3853656870293,-60.9467565453847,-57.82072992177504,-59.668843123563924,-63.05476613232345,-56.92217359949419,
845.8608197598326,-60.90707082541829,-57.77347641515681,-60.18610386269498,-63.05006419387248,-56.89321917295309,
850.3362738326359,-60.74141449627811,-57.96173841014575,-60.05468137811809,-63.02201520634099,-56.9822350882606,
854.8117279054392,-60.92633142294808,-58.03275585467739,-60.306675749482835,-63.16281515949431,-56.98802687754568,
859.2871819782428,-60.790513749545354,-58.134204854488594,-59.86725363456728,-62.78715061125139,-57.0658613233308,
863.7626360510461,-60.88394596327588,-57.986840231255734,-60.289598149125524,-63.18172982958263,-57.0721112732323,
868.2380901238494,-60.86927898253282,-58.19132938599168,-61.53854257511335,-63.00878783800428,-57.05459738701847,
872.713544196653,-60.898603294217146,-58.10738869725223,-60.06608332211658,-62.83585488486635,-57.098910450895346,
877.1889982694562,-60.911426083276595,-58.21909472582217,-59.894220328050864,-62.84405795620052,-57.29085404510647,
881.6644523422594,-61.18074920429616,-58.29728594664846,-61.01693362180053,-63.15440988207615,-57.20684056098922,
886.1399064150627,-61.4594176306727,-58.31500563402968,-61.73861650149392,-63.44329376561937,-57.29569361172221,
890.615360487866,-61.35392550267064,-58.37046771641709,-60.94621142599359,-63.334883676671716,-57.37353585371551,
895.0908145606695,-61.26515788200075,-58.564283583535925,-59.743812562184,-63.321854068501324,-57.37478089703309,
899.5662686334728,-61.35358319892966,-58.47835638506485,-59.39859158983935,-63.18008647352784,-57.16364989383497,
904.041722706276,-61.2807953692018,-58.41539141126796,-63.958037598934496,-63.35485240909776,-57.43012798321524,
908.5171767790797,-61.38829626696506,-58.544763822244164,-61.33236313383974,-63.4374696269412,-57.41139638542981,
912.9926308518831,-61.36368386918113,-58.49461412186479,-59.70289717214182,-63.440020300535295,-57.501355620843526,
917.4680849246862,-61.34923460585486,-58.39204262972317,-61.000092601939414,-63.42057808254804,-57.47204347865244,
921.9435389974896,-61.45110613836869,-58.70126492393939,-60.713338282342725,-63.74835561788256,-57.47212904867658,
926.4189930702928,-61.47774121763498,-58.77315116981728,-62.74084410638558,-63.462459712416354,-57.63161015059702,
930.8944471430963,-61.405807160559085,-58.886420968134416,-60.32052547576909,-63.3203462291986,-57.569241136423884,
935.3699012158997,-61.41589142781699,-58.87255112834428,-59.444684649268154,-63.75720955456471,-57.58918399615897,
939.8453552887029,-61.47493544816797,-58.75357171502705,-61.09496679194875,-63.58691240065673,-57.63297318808295,
944.3208093615065,-61.502092062635214,-58.782886388655214,-60.31025661053246,-63.43706443646574,-57.619326378669264,
948.7962634343096,-61.51039025154268,-58.76759136759578,-64.26860050465218,-63.59661997033108,-57.802826558522284,
953.2717175071127,-61.87231815081027,-58.834063913273795,-59.309865022866184,-63.81996097518308,-57.751531835407135,
957.7471715799163,-62.007094970838416,-59.06222804839458,-61.67339887081566,-63.723168033206285,-57.75846693438212,
962.2226256527197,-61.77908172133681,-59.13312184273275,-59.902895669816004,-63.77735283625,-57.92099377186351,
966.698079725523,-61.663984934968745,-59.07002834184995,-63.912526917957976,-63.83596193230805,-57.996271871237006,
971.1735337983264,-61.698765782185504,-59.14710777885126,-62.031649637531544,-63.77539088055801,-57.82972731268009,
975.6489878711297,-62.09550436723817,-58.92774990973952,-59.73594319511533,-63.87855346111362,-57.91431513250608,
980.1244419439333,-61.87332459669495,-59.17076905952858,-62.499126041597165,-63.78180633547804,-57.822180250369186,
984.5998960167365,-61.88428314614992,-59.277410155031724,-58.83839808717222,-64.07181996455753,-58.01551650399635,
989.0753500895396,-62.056667385771036,-59.02200282163146,-70.84721670115991,-63.75049966113573,-57.73455799937053,
993.5508041623432,-61.6638480311801,-59.33328528392707,-59.328811069785274,-64.13786250420614,-58.06867541605384,
998.0262582351463,-61.823668551861914,-59.31473034457837,-62.660653646843485,-63.90350455375065,-57.96316536518941,
1002.5017123079499,-61.738158895830615,-59.36031390629316,-58.52073737040946,-64.01412614959361,-58.12032831439083,
1006.977166380753,-62.24246601932171,-59.26591361092701,-63.79055545525058,-63.86215527878528,-58.109753854855406,
1011.4526204535564,-61.939424913889944,-59.29678709001383,-63.99502420470674,-64.31552348460758,-58.173108758122545,
1015.92807452636,-62.15476041730646,-59.29547605159996,-60.12170816761171,-64.18055605575199,-58.21248587088151,
1020.4035285991633,-62.00628417978861,-59.21915502684159,-60.85175968245559,-64.01835556680312,-58.261072164142334,
1024.8789826719665,-62.37222907067537,-59.39896908587413,-60.24039105739497,-64.03432587456464,-58.282187258731,
1029.3544367447698,-62.58467069013158,-59.46962918600492,-66.67537202012733,-64.03826504175437,-58.26622599134439,
1033.8298908175732,-62.228709259072644,-59.61433423790113,-58.824763635206885,-64.25925138818232,-58.26579761248313,
1038.3053448903768,-62.33060624829636,-59.53428100723431,-66.8817328465884,-64.39846707251482,-58.559765082206795,
1042.78079896318,-62.595074732899754,-59.54023237201561,-57.37433911324008,-64.01736836504354,-58.32419494884049,
1047.256253035983,-62.190679931315785,-59.59887997619979,-66.88141449589617,-64.39160465656332,-58.41110507240337,
1051.7317071087866,-62.301647748695004,-59.52074832116232,-61.460840223038254,-64.22403548652157,-58.309935034369374,
1056.20716118159,-62.295792376084236,-59.71057862224241,-64.33213851310141,-64.47047414786205,-58.360589813226305,
1060.6826152543933,-62.22372054918018,-59.468766085951984,-61.35808081543506,-64.31767361088478,-58.50060885583402,
1065.1580693271967,-62.17292184227051,-59.84096332516768,-59.424980199772065,-64.42868364531685,-58.56457015136178,
1069.6335233999998,-62.326408247610686,-59.75058324144959,-68.18378211351973,-64.55453289142238,-58.55880498955878,
1074.1089774728034,-62.23240550528072,-59.928373808669726,-59.94989667145348,-64.43486081606017,-58.429381507828126,
1078.5844315456068,-62.81079281467818,-59.68289223558324,-63.83970827229142,-64.81164006938934,-58.5076493809254,
1083.05988561841,-62.68414337455485,-60.00399500329657,-60.34447181770552,-64.71501046764338,-58.62106157991576,
1087.5353396912135,-62.48914250891974,-59.762520663988106,-64.14105940498928,-64.67242486277999,-58.41434471876123,
1092.0107937640166,-62.4908936585586,-59.86465918839525,-61.94017210861902,-64.73926418159272,-58.661186592188905,
1096.4862478368202,-62.61822411868267,-60.00494599460236,-62.09509209979643,-64.80623196384539,-58.52814489433381,
1100.9617019096233,-63.025314242354035,-59.968939436496164,-61.687085207543845,-64.87728689157368,-58.651516521072196,
1105.4371559824265,-62.81476509217103,-59.97028832079319,-66.18753195244393,-64.55270301211273,-58.718627268301134,
1109.91261005523,-62.81300467987166,-60.172422988378074,-61.57592733092485,-64.44778607976595,-58.76623408817575,
1114.3880641280336,-62.68165166418659,-60.23826206618929,-61.32326262774256,-64.58988383109048,-58.81904011794375,
1118.863518200837,-63.09915418193042,-60.152096940024585,-63.23264470086428,-64.88490454949073,-58.56492770079512,
1123.3389722736404,-62.7146786485413,-60.09206755915287,-64.91248547304815,-64.68745882505405,-58.69427482360422,
1127.8144263464435,-63.05961279935059,-60.131371053163,-61.43332301229381,-65.04469517327826,-59.06393581825655,
1132.2898804192469,-62.87202981588659,-60.144269731023414,-61.95183082948505,-64.95488261344802,-58.82081043879058,
1136.7653344920502,-62.76766628337672,-60.52422988591065,-63.31951137525168,-64.98087188516183,-58.933314597983035,
1141.2407885648533,-62.79212065194767,-60.35819202140969,-62.85635606323677,-65.04836245180508,-58.73297511554499,
1145.716242637657,-62.876692039066185,-60.4371723749799,-63.114393293209226,-65.0713034001832,-58.87302560869717,
1150.19169671046,-63.02182902869703,-60.28297195319502,-63.615454554892985,-64.89904077680723,-58.7810413834613,
1154.6671507832637,-63.19035014771753,-60.46341673490488,-61.945162529559596,-64.9458710618025,-58.938290666124246,
1159.142604856067,-63.1520245957067,-60.2549100393012,-62.82407008251553,-65.31136311640955,-58.95103780336535,
1163.6180589288704,-63.062005766052984,-60.348644593315996,-63.336540321295246,-65.12529811855967,-59.071876509039775,
1168.0935130016737,-63.25035841534973,-60.501161941777646,-63.154627086809604,-65.0310210151678,-59.16409218390834,
1172.5689670744769,-63.33537281560161,-60.63049704433112,-63.08206780610036,-64.96196284725171,-59.00408257844341,
1177.0444211472804,-63.154448795290136,-60.50460365032647,-62.68496227965129,-64.85322638563731,-59.056100636551946,
1181.5198752200838,-62.95365391649369,-60.499227914931296,-62.61173311573393,-65.02341264156775,-59.17113933657974,
1185.995329292887,-63.13257965327771,-60.48631798453469,-63.58521478442129,-64.96398584668911,-59.02427983295419,
1190.4707833656903,-63.296946030158516,-60.78067200724906,-64.09238821984556,-65.18101208466199,-58.96758779022715,
1194.9462374384939,-63.10468884341378,-60.35660613353755,-61.36441862610188,-65.2094404356297,-59.04014975739972,
1199.421691511297,-63.36999507906971,-60.66317965279608,-62.80585540476122,-65.28201431515913,-59.25384927837175,
1203.8971455841004,-63.20784377438593,-60.495174992575436,-63.71356656546881,-65.38307908216787,-59.15498234744202,
1208.3725996569035,-63.09243022485171,-60.69450424880429,-61.22053394973969,-65.12815014153742,-59.05301422394946,
1212.8480537297073,-63.312869692073306,-60.749069500391585,-64.30962872898584,-65.53768252939386,-59.272175443402766,
1217.3235078025107,-63.41952419810971,-60.61210454559409,-62.20751128031034,-65.4713786712867,-59.21147920053749,
1221.7989618753138,-63.278833741186354,-60.45009427645955,-65.61530793948154,-65.287221565593,-59.25628846192356,
1226.2744159481172,-63.56240544476656,-60.89062074098769,-62.80255847574072,-65.65517110722877,-59.111219548689256,
1230.7498700209205,-63.41383721248101,-60.87072766268371,-60.46463991381442,-65.41873433648618,-59.45144744660485,
1235.225324093724,-63.16793547467746,-60.928398625175774,-69.39941440689016,-65.32458962173484,-59.50902156507324,
1239.7007781665272,-63.50121481130037,-60.91336675349076,-60.54850630537112,-65.22866633771645,-59.25315725744006,
1244.1762322393304,-63.80115483997307,-60.726652184947476,-68.63491850151705,-65.41713320561486,-59.39883696183806,
1248.6516863121337,-63.22034304380165,-60.910254325303185,-60.22001978235588,-65.73016722405501,-59.4831308144093,
1253.1271403849373,-63.54988851026397,-60.9954710503543,-65.59718196052563,-65.42611849492418,-59.61915990133862,
1257.6025944577405,-63.62107894826497,-60.821959901276124,-63.411886278474164,-65.50873686373758,-59.47112794715429,
1262.0780485305438,-63.58557454802573,-60.80283698125443,-64.4224332376571,-65.66825328651146,-59.31924596919089,
1266.5535026033474,-63.359954678632455,-60.86738577379006,-58.88588233664262,-65.42232041315444,-59.3882586445941,
1271.0289566761508,-63.741944563708884,-61.095324356707046,-75.48995999927152,-65.69468425514127,-59.54875434671814,
1275.5044107489541,-63.55386291343638,-60.949196507064,-61.0099111063539,-65.85176807839096,-59.713781536140324,
1279.9798648217572,-63.26681097369679,-61.09324732268607,-63.16669881708671,-65.26944833053007,-59.53426492448123,
1284.4553188945606,-63.509728528907246,-61.14073318319889,-63.10062556880382,-66.44896697743852,-59.6261106552607,
1288.930772967364,-63.45676728384505,-61.11192225815931,-64.06121158779298,-64.98979176417737,-59.79371478202424,
1293.4062270401676,-63.510192200142,-61.15269984338652,-66.46601804985922,-65.99574387277646,-59.628740133583605,
1297.8816811129707,-63.9504566690085,-61.25574597122886,-61.63282656487267,-65.40002365791341,-59.74942271755202,
1302.357135185774,-63.3845714774121,-61.26926634081548,-63.95707670619451,-65.84136365553198,-59.49280147467951,
1306.8325892585774,-63.50254790717262,-61.01094936364256,-62.68777553892139,-65.44885676619762,-59.651654907543836,
1311.3080433313808,-63.77380850417517,-61.387586181468194,-64.31722665207212,-65.36389107306142,-59.70248699265632,
1315.7834974041841,-63.99378451441132,-61.125006340691044,-63.907822156973296,-65.42585869735866,-59.67422466582154,
1320.2589514769875,-63.417072859105836,-61.423648025038126,-62.694324833823664,-65.65422785564151,-59.770153952681326,
1324.7344055497908,-64.11081100259493,-61.40825462485954,-63.52698065359739,-65.82510601224698,-59.69035845295588,
1329.2098596225942,-64.07128878278118,-61.39956168249806,-62.81037287067396,-65.83079305191879,-59.78959949818416,
1333.6853136953976,-64.0416633544834,-61.40573641047746,-63.584351568569815,-65.991263003179,-59.59447106829888,
1338.160767768201,-63.82592731254414,-61.21513003017771,-66.50008542166675,-65.50775009707138,-59.74727834164569,
1342.6362218410043,-64.0890596332768,-61.129302090228954,-62.84746299061628,-66.0100342642159,-60.001223068322645,
1347.1116759138074,-63.78593015054627,-61.29234410255445,-62.64507218842353,-66.13774775843977,-59.827049510651776,
1351.587129986611,-63.89741863816049,-61.345520598632916,-64.00202552049987,-65.7271090769877,-59.84884251317153,
1356.0625840594141,-63.97046849926219,-61.46538218013326,-62.660695909168645,-66.07382609738666,-59.83313843244382,
1360.5380381322175,-63.632258316109244,-61.53481418736537,-68.80730989074735,-65.98183710254627,-59.97216734124133,
1365.0134922050208,-63.839130473272206,-61.12712599117616,-61.60796946000407,-65.75588255425487,-59.85786776168801,
1369.4889462778242,-64.28751429040759,-61.657295645141645,-63.80891076244077,-65.8639623766727,-59.89101705110766,
1373.9644003506278,-63.77650521191826,-61.49574468607922,-63.212232866696,-65.77451079053134,-60.0007919866181,
1378.4398544234311,-63.83961399828876,-61.53421418536908,-66.09176324712276,-65.72003566822356,-59.9478000707579,
1382.9153084962343,-64.19440411959658,-61.75224208685901,-65.32674001046023,-66.13566339802432,-59.982581820242814,
1387.3907625690376,-64.3836025605203,-61.62270333062264,-62.799434965467,-66.08345046192473,-60.03152759150794,
1391.866216641841,-63.672709784049545,-61.474221726665135,-63.155955194545,-65.95771441517644,-60.02925486122364,
1396.3416707146444,-64.31539128867236,-61.73685707170263,-64.48396906863437,-66.40585901574799,-59.97655662149009,
1400.8171247874477,-64.26066947557214,-61.87467563617921,-66.82400259133684,-66.12493512132293,-60.014286893041096,
1405.2925788602508,-64.42068421503598,-61.820659359804765,-61.434019425984104,-66.05504775348285,-60.03049758980581,
1409.7680329330544,-64.29603553630373,-61.68203392394737,-66.45811323379559,-66.04882522694106,-60.022017088486294,
1414.2434870058578,-64.1920310668585,-61.40191127567638,-62.66806180408309,-66.25208768925015,-60.055035190911504,
1418.7189410786611,-64.2248883680132,-61.69930740015131,-64.62381941268481,-66.58973272689433,-59.888332128500736,
1423.1943951514645,-64.15403830165563,-61.81722763449258,-62.14404899334119,-65.98497593954575,-59.9507237128919,
1427.6698492242676,-64.3130613775967,-61.61631688992489,-66.05969613019026,-66.27585219345366,-60.10325415300202,
1432.1453032970712,-64.41376779244602,-61.9303386500221,-63.66824309766961,-66.34199737599396,-60.05027120008067,
1436.6207573698746,-64.05892100545208,-61.42401907020509,-65.13295626991977,-66.10223289223283,-60.178002841777634,
1441.0962114426777,-64.19009849289124,-61.689305122463395,-61.45103164693584,-65.99361132995374,-59.97599161811384,
1445.5716655154813,-64.20282413801313,-61.75650609101427,-62.956547024217116,-66.3580042579949,-60.26956014182269,
1450.0471195882844,-64.18960401727438,-61.88584304240423,-69.5953039422742,-66.32194876179776,-60.07552015762694,
1454.5225736610878,-64.49740650901586,-61.790534553418496,-61.57369245440048,-66.35170144129575,-60.1449122315313,
1458.9980277338911,-64.61342020238139,-61.91272432821998,-67.09422013764312,-66.1814222646311,-60.16072612152141,
1463.4734818066943,-64.39907830996661,-61.65741474766062,-61.682657564188325,-66.30256377638395,-60.21270311591827,
1467.9489358794979,-64.20488697918185,-62.21910878408391,-63.17196250297965,-66.22966643786965,-60.319153798362336,
1472.4243899523015,-64.5650133308238,-61.97590196894047,-64.77222861586884,-66.56420639898015,-60.36271171774906,
1476.8998440251046,-64.77906524727508,-62.09294725611003,-64.96433373677982,-66.32714716501845,-60.1284267074024,
1481.3752980979082,-64.61417363240335,-62.157470807056384,-64.63535128742079,-65.98264553897748,-60.26844407874613,
1485.8507521707113,-64.04646958136566,-62.03968608428028,-61.26044811427913,-66.67393394331897,-60.30508707655383,
1490.326206243515,-64.20103377618503,-61.906204328419264,-63.24558550842431,-66.65983051881102,-60.221090531895385,
1494.801660316318,-64.26596055884382,-62.167768218199214,-70.1132205295684,-66.37971191715944,-60.31115904353119,
1499.2771143891212,-64.78010782965345,-62.024545589270645,-61.919328393826234,-66.57600703474347,-60.44729791230901,
1503.7525684619247,-64.45122273995511,-61.89755859223184,-66.08910444839198,-66.39992924922767,-60.49440770603978,
1508.2280225347279,-64.60652375306479,-62.10777335857004,-61.80096906622016,-66.65093946287814,-60.25140435538872,
1512.7034766075312,-64.79534739009989,-62.20321514609782,-65.73573422435723,-66.55454076053599,-60.22224616497119,
1517.1789306803348,-64.33830159432216,-62.02538628047864,-66.94085014010155,-66.67266685242107,-60.40239597625812,
1521.6543847531382,-64.39498659193723,-62.014151472418966,-63.21339119410019,-66.75658988061011,-60.62358733293622,
1526.1298388259415,-64.51575805626933,-62.20872671485159,-62.20819244311479,-66.71246506024625,-60.65142645137969,
1530.605292898745,-64.84848083917106,-61.96337402485803,-66.12365671401233,-66.45475983876813,-60.39852264305347,
1535.080746971548,-64.67266451143428,-62.0242749096828,-65.54353671089261,-66.15483501663581,-60.44639594539679,
1539.5562010443516,-64.7790897027041,-62.47458277308431,-63.50278705756402,-66.7756508915239,-60.48434825560361,
1544.0316551171547,-64.9639086517509,-62.188598702474856,-61.70561273472955,-66.72593252432533,-60.31455624707593,
1548.5071091899583,-64.98409588341788,-62.238507337825496,-72.91194309399503,-66.563501244621,-60.453725518690966,
1552.9825632627617,-64.61527007879253,-62.32611346629069,-60.824544694644736,-66.50492884441772,-60.588846795223446,
1557.4580173355648,-64.45183872429008,-61.991110821614114,-66.47890086090642,-66.30415568271378,-60.60776750007662,
1561.9334714083682,-64.480998201011,-62.39814410775443,-63.558829084072585,-66.61789637172538,-60.562284060695035,
1566.4089254811713,-64.43686625911332,-62.1015025296218,-69.27211452646011,-66.53689741952637,-60.628558981020234,
1570.884379553975,-64.59194111063684,-62.232460032350154,-63.49990233616482,-66.97916134001484,-60.595374353492474,
1575.3598336267785,-64.34660319632559,-62.53603322034909,-63.24173265814302,-66.62487189487223,-60.60689198542064,
1579.8352876995816,-65.02480295118643,-62.17486774254642,-64.78637387466475,-66.65357700161444,-60.55901240030836,
1584.310741772385,-64.75390571440498,-62.38628783248012,-65.98723176562041,-66.53668236532518,-60.812825037612456,
1588.7861958451883,-64.43374357363054,-62.259821191998974,-62.99372248559492,-67.07865434499428,-60.52752874919966,
1593.2616499179917,-64.68488217348559,-62.254806349510396,-63.75823038568961,-66.63336657597357,-60.59291000475419,
1597.737103990795,-65.14221077354144,-62.559143215480084,-59.61579469622077,-66.70285548943018,-60.848295370194656,
1602.2125580635982,-64.66534589641549,-62.34130583958881,-66.02848447882337,-66.7341500711005,-60.59095672830196,
1606.6880121364018,-64.4827749805468,-62.28711111452638,-60.168347608360115,-66.76627469431943,-60.78889274339245,
1611.1634662092051,-64.87282684242439,-62.35763858538277,-66.44040676538151,-66.9336072208746,-60.72999496280447,
1615.6389202820083,-64.80003722625437,-62.759502274671874,-59.66106274830946,-66.57345628698533,-60.65271335924151,
1620.1143743548116,-64.91656207958127,-62.46984502447986,-70.19888167469676,-66.94624361111666,-60.74607990507399,
1624.5898284276152,-64.92155227972988,-62.418638686128496,-62.3846151789452,-66.49552783858512,-60.61971757356573,
1629.0652825004183,-64.89247454296543,-62.30622008295657,-66.99553926610943,-67.05035167997838,-60.75090557400375,
1633.540736573222,-64.36838160567572,-62.577221221847346,-62.77660086003089,-67.1350051804036,-60.71117767122887,
1638.016190646025,-64.76830405249812,-62.43531960539989,-63.58097466540852,-66.70510759343573,-60.761962422811095,
1642.4916447188284,-64.92288101988662,-62.53303804952478,-73.71475124980468,-67.21325738191526,-60.709674200230666,
1646.9670987916318,-64.69250670195107,-62.4286570219635,-61.6574616269864,-67.00626689560002,-60.6899855842018,
1651.442552864435,-65.59766287536965,-62.57181450834689,-68.55138513749701,-67.08277374317288,-60.7681350642709,
1655.9180069372387,-65.06617224425317,-62.49618594012248,-61.84280775660945,-66.84709324636205,-60.64189205421533,
1660.3934610100418,-64.6914857394618,-62.50137185035961,-70.67460339957698,-67.10006449090348,-60.90605515385703,
1664.8689150828452,-65.1689479892161,-62.6166399146465,-62.19796033339104,-66.6781135967965,-61.00574734290686,
1669.3443691556486,-64.78206371017912,-62.488480382355306,-71.98352303190048,-66.88853159189348,-60.76479799061872,
1673.819823228452,-64.99885812951757,-62.38251711230905,-61.421247608587024,-66.45231428730865,-60.996940294958584,
1678.295277301255,-64.5365250269489,-62.51407912631692,-65.99842632302489,-66.60641853503256,-60.824732791054295,
1682.7707313740584,-64.72571608632423,-62.74083897925797,-64.52568714663579,-67.17988816008177,-60.815155098527505,
1687.2461854468618,-65.12628324905305,-62.45791277798921,-67.9855514098568,-66.94345911557943,-60.677185509091096,
1691.7216395196656,-64.91068688868316,-62.84099437876742,-63.382761345549206,-66.96500106176214,-61.001362033935465,
1696.1970935924685,-65.20991404280764,-62.48012851396154,-65.4138785118543,-66.81889066691642,-60.900256277343736,
1700.672547665272,-65.01349264475154,-62.577667652760965,-65.62143598199134,-66.76587385656691,-60.964839273146005,
1705.1480017380754,-64.8980949564375,-62.61678232128009,-61.99235894760214,-66.81233139093065,-61.02656334334743,
1709.6234558108786,-64.79234981913649,-62.65749583085294,-76.6959252937135,-66.93606189781691,-60.924953626306376,
1714.0989098836822,-65.22063188507263,-62.92130302580758,-61.62767025273978,-67.03155690873486,-60.81893759584095,
1718.574363956485,-65.02121085189688,-62.699290050631475,-68.28407598792809,-66.73010439928433,-61.24702377863096,
1723.0498180292886,-65.26862065605553,-62.679674442254985,-62.57976695430935,-66.7700489804983,-60.78429456475766,
1727.525272102092,-65.23983208729008,-62.838226586213906,-68.60761467604463,-66.83326617118952,-60.82186181759149,
1732.0007261748956,-65.01610636300278,-62.391091099479155,-62.70781691962752,-67.05368272942981,-60.989306760783464,
1736.4761802476987,-65.13683659934843,-62.63921617773663,-72.16439582874924,-66.4722729878882,-61.12903054963907,
1740.951634320502,-65.4036092304408,-62.471269723462996,-63.667796071093136,-66.92024411275929,-60.99624676671653,
1745.4270883933052,-65.06797614287692,-62.91369437707733,-63.59837485625554,-66.7011375055538,-61.048218701708805,
1749.9025424661088,-64.92132812870034,-62.36775001793161,-63.47566918175471,-66.99432430236236,-60.86953355382469,
1754.3779965389122,-65.00993244644297,-62.95818285618122,-72.43638922180695,-67.36626340048998,-61.082134288156205,
1758.8534506117157,-65.33907095493517,-62.97692857373658,-63.95584748161389,-67.13815063078114,-60.85084128138913,
1763.328904684519,-65.3794221628471,-62.75029030916444,-65.78695008743037,-66.73339020655126,-61.0025713927557,
1767.8043587573222,-64.9751615120172,-62.80224625800912,-61.593957510031636,-66.58644799697122,-60.827591487751285,
1772.2798128301258,-64.61612488807684,-62.632633738979365,-67.39691606091553,-67.13089729928284,-60.98367345920528,
1776.7552669029287,-65.01330767076128,-62.98017743563179,-66.14616693184968,-67.4021785871392,-60.90030523385546,
1781.2307209757323,-65.21652285985822,-62.828887893581864,-65.04230310154355,-67.0091217940773,-60.96453979865372,
1785.7061750485354,-65.54853663063273,-62.605462576558615,-63.67347509688919,-66.9016344761044,-61.227085851620075,
1790.1816291213388,-64.90734885393793,-62.73717130729609,-63.73233852859733,-67.24361498800373,-61.02297656102142,
1794.657083194142,-65.2380272095215,-62.802017692151814,-70.38580169358089,-67.07225288606924,-61.06501816246358,
1799.1325372669457,-65.38100517361103,-63.00088274472975,-62.91477959614915,-66.92197451263799,-60.91360039825666,
1803.607991339749,-64.78422045838829,-63.19790250308631,-68.34100365779427,-67.20575078282627,-60.9794425984074,
1808.0834454125525,-65.0235155789104,-62.987676861792394,-62.96327002568703,-67.25703900016279,-61.15245704412888,
1812.5588994853558,-65.21211003567154,-62.768746386467555,-68.45270350470761,-66.83377031672715,-60.91107906942579,
1817.034353558159,-65.33268033658291,-62.796739698669334,-58.80922711964665,-67.20288613415426,-61.13093486183505,
1821.5098076309623,-65.19561004105275,-62.80769109402514,-71.88574391003709,-67.19973495677684,-60.844159902111706,
1825.9852617037654,-65.24365042894503,-62.966924447221345,-59.01673676740235,-67.11526199775446,-61.12938642948489,
1830.4607157765695,-65.34389585571714,-63.07962986794658,-69.91659415387643,-67.79301200477296,-60.93905717755944,
1834.9361698493724,-64.8634399829091,-62.81597728325468,-61.51152340981493,-67.19736270964567,-60.8413060692703,
1839.411623922176,-65.24684645396289,-63.02049000132016,-66.53242429325043,-67.1652451625974,-61.11825471115172,
1843.8870779949789,-65.2177255838665,-62.873058269084055,-65.86847893041993,-67.43534385955842,-60.94511551015971,
1848.3625320677825,-65.26101399459678,-62.94371611126296,-65.3698537688582,-67.41396727446855,-61.08163505810563,
1852.837986140586,-65.17740362623897,-62.9068657796513,-64.90295886323005,-66.75136127766748,-60.93537888452302,
1857.313440213389,-65.2704350181797,-63.11628119891707,-64.10266280096388,-67.01351494397575,-61.202750494295714,
1861.7888942861923,-65.52725128294259,-63.006438140912095,-67.08898060963303,-66.8072412670336,-61.045172958151966,
1866.2643483589957,-65.71063639409172,-62.88869798037073,-64.93380583124298,-67.49462085362224,-61.156565330926455,
1870.7398024317995,-64.94496002366925,-62.9862610241057,-64.46465006576742,-67.24042883580098,-60.94419817503186,
1875.2152565046026,-65.18022644408354,-63.11728304773201,-65.57744217127455,-67.45351889462127,-61.02978551331671,
1879.690710577406,-65.09001795696227,-63.31880558977009,-67.27308428291832,-67.18453149100748,-61.22534689129531,
1884.166164650209,-65.57720930321402,-63.09824886003541,-61.751912797345206,-67.4877716197245,-61.2434640913212,
1888.6416187230127,-65.7043075594305,-63.12282209635312,-75.26482745376401,-67.47858690603714,-61.13440690990275,
1893.1170727958156,-65.55819869455343,-62.888530897707625,-63.0780221182018,-67.25048528672234,-61.287871988579205,
1897.5925268686192,-65.21380387956715,-63.48118431923698,-65.87761936774113,-67.31286584696305,-61.069585215314454,
1902.067980941423,-65.83767601844346,-63.35192169861811,-65.18284759598652,-67.09855005186706,-61.22433953985109,
1906.543435014226,-65.46689331425635,-63.02283615408366,-66.53037383716726,-67.54589831230194,-61.26704295655058,
1911.0188890870297,-64.97515658260953,-63.115615081640264,-63.786188717101055,-67.23820336667478,-61.21776507918524,
1915.4943431598326,-65.1313356296073,-62.892234182087456,-67.9950253937651,-66.86364675420056,-60.90599154437024,
1919.969797232636,-65.03356680358159,-63.05469827354969,-65.76077023011214,-67.4384997322485,-60.96457196261581,
1924.4452513054393,-65.26703259019871,-62.86808852571962,-64.30049793540202,-67.0481516125301,-61.22214395088964,
1928.9207053782427,-65.17750001556378,-63.23770419607857,-66.15528261444095,-67.34993991893742,-61.21298390409403,
1933.3961594510458,-65.15694644623869,-63.18277325495117,-64.34151394980132,-67.02844879772675,-61.31774524608143,
1937.8716135238492,-65.54757954933424,-62.92518466124583,-68.58697928991577,-67.02126991833228,-61.15336074481357,
1942.3470675966526,-65.53200067342728,-63.0277072037438,-62.85018826948524,-67.35069780329547,-61.24904613207011,
1946.8225216694561,-65.26420122488629,-63.07653713087138,-68.38335155345402,-67.42336378461485,-61.092713209382794,
1951.297975742259,-65.32202297877633,-63.32128347675125,-62.152135065430045,-67.06834569718634,-61.25914618853436,
1955.773429815063,-65.91714302011229,-63.04123208417386,-70.59465131675643,-67.42745850087731,-61.12989673784591,
1960.2488838878664,-65.57891220351472,-63.150764888575694,-63.68574831160835,-67.04571564610951,-61.19827597256873,
1964.7243379606693,-64.97698126766012,-63.082016155309894,-62.89941996391833,-67.08658292919094,-61.37142651765722,
1969.199792033473,-65.42004078757014,-63.12628723610068,-68.63717878260076,-67.2259700034405,-61.2309526823189,
1973.6752461062765,-65.54901333718051,-63.59639562349078,-63.87514236046739,-67.44721530691886,-61.05360254991549,
1978.1507001790796,-65.38784388828807,-63.10807844418897,-64.23412751978107,-66.9191565112298,-61.043073616555226,
1982.6261542518828,-65.49321380069603,-63.159289005413385,-64.59380058491902,-67.13405478948522,-61.23516570613337,
1987.1016083246864,-65.42954770809763,-63.22751012817166,-63.924420267083136,-67.55642004529436,-61.29386933258368,
1991.577062397489,-65.59017133422559,-63.475878592882424,-59.409811977646434,-67.48984588754806,-60.91123636007272,
1996.052516470293,-65.48911237476617,-63.10260446782166,-68.75473263504136,-66.52892709120778,-61.32368263038681,
2000.5279705430962,-65.4061062238728,-63.2736555234891,-68.82902705678791,-67.39103430091042,-61.201030020398264,
2005.0034246158993,-65.78029859140925,-63.42352986350505,-64.71998555702966,-67.02923711318464,-61.52926519878132,
2009.478878688703,-65.44948645100816,-63.08498717805196,-61.695961548055465,-67.18797377429343,-61.207804175149334,
2013.9543327615065,-65.57887136608332,-62.80130484031157,-67.26637976005661,-68.06701923879618,-61.27535019864646,
2018.4297868343097,-65.14901128906877,-63.13354277826605,-67.36087180878593,-67.6757754950796,-61.01613458030785,
2022.9052409071128,-65.65773717007674,-63.169636135180596,-64.0032335177036,-67.03062212204452,-61.24902796614849,
2027.3806949799164,-65.63905493287781,-63.311123456952245,-66.2395001615162,-67.34572291472287,-61.39306145504216,
2031.8561490527195,-65.4584856974857,-63.06670774780798,-63.651440377579185,-67.09192004402237,-61.28798901487997,
2036.331603125523,-65.38970803704187,-63.025036987686256,-68.42726431481894,-67.10517145376866,-61.174545832982865,
2040.8070571983262,-65.50167637782928,-63.42644889358092,-65.00669860754874,-67.32656741695345,-61.23957245745455,
2045.2825112711303,-65.5234489648757,-63.55118615443477,-67.57329791090784,-67.3183947884977,-61.37409158159029,
2049.757965343933,-65.92334976039199,-63.287393227658875,-63.25419645011395,-67.41716225561005,-61.22931039004894,
