Distance(ft),ch0_dB_20260203_064235,ch1_dB_20260203_064235,ch2_dB_20260203_064235,ch3_dB_20260203_064235,ch4_dB_20260203_064235,ch5_dB_20260203_064235
-85.0336273832636,-38.95955782830462,-39.00667365550346,-42.721789987742554,-48.12027662627433,-36.07962055885521,7.179317507121751
-80.55817331046026,-38.51019654580865,-38.48278419325299,-41.86638926065852,-47.903515373426075,-35.546231878586035,-0.8509471354938342
-76.08271923765692,-37.99811270680621,-38.34997250844446,-41.245776540245814,-47.253827119801734,-35.06903609159884,-6.92507646444708
-71.60726516485356,-37.49463351604129,-37.91105745911477,-41.19459607985809,-46.55903820356164,-34.554379942569334,-7.924741410622387
-67.13181109205021,-36.9409603665219,-36.96238530476604,-41.064973852355315,-45.84031294249517,-34.00575505515308,-24.328407527945192
-62.65635701924687,-36.34399258287879,-36.411899705383085,-39.97234956244582,-45.09998018382145,-33.40995234437247,-25.697503284905977
-58.180902946443524,-35.708305366511865,-36.09663823867943,-38.88324920567867,-44.269113843929006,-32.78037278222605,-28.458455459997136
-53.70544887364018,-35.04122684343816,-35.00388535509389,-38.53651972506631,-43.4206193724384,-32.08812186417747,-28.658537808075657
-49.22999480083683,-34.28208434454521,-33.95258016437448,-38.095158238815735,-42.48752858407794,-31.34498142662455,-28.66731153430886
-44.75454072803348,-33.46882211763785,-33.53997042677126,-37.021938467433856,-41.43839832192515,-30.523221783952827,-29.934633423622564
-40.27908665523014,-32.560919596640645,-32.6306984358232,-36.14208487239853,-40.30796884887888,-29.613081457041808,-30.343136428355084
-35.80363258242678,-31.56926734724616,-31.07795865230202,-35.46745524756026,-39.040293456632206,-28.586493316395426,-31.254259092857225
-31.328178509623434,-30.429814519729277,-30.11463598861478,-34.13230076889876,-37.648219866955515,-27.41645478071532,7.53862457339899
-26.852724436820097,-29.133908333132474,-29.15591482226215,-32.63268480238421,-36.0279596131226,-26.05770314779042,-4.334921702745205
-22.377270364016745,-27.602700903258825,-27.072174385734908,-31.366934311364417,-34.122787675602325,-24.440639971247368,-8.973164719360266
-17.901816291213407,-25.75637990548616,-24.92000146051788,-29.326664518173203,-31.785156273848976,-22.42967870797132,-15.352158340231515
-13.426362218410048,-23.411391702844874,-22.803452175089163,-26.42542231032504,-28.727354889195333,-19.796822431106676,-19.598598089738108
-8.950908145606704,-20.19474174106776,-18.860383373067744,-22.770019173825492,-24.273625786691984,-15.958965937361164,-27.13747519336338
-4.475454072803359,-14.88275103191259,-11.650071186969981,-15.268604025845248,-15.72277243480382,-8.774628236163997,-29.653864915149466
0.0,7.53862457339899,-0.9105368178417941,-11.488083647582492,-1.783275467014507,-3.4266523045376966,-30.860736302144108
4.4754540728033305,-9.80772794366818,-13.148542750932247,-18.805949546895107,-27.44309292587708,-12.24751483286333,-31.283246156859246
8.95090814560669,-17.14416606395573,-19.6745002623907,-22.995941147457778,-26.18279212995866,-18.096188796206377,-32.09107075770554
13.426362218410048,-21.060656817749027,-22.73412076840939,-28.734338203324295,-29.2799646150078,-20.888177899005683,-32.128287956956775
17.90181629121338,-23.27996964708264,-26.531306768532698,-28.599664783591447,-33.69039227497445,-23.76955195192943,-32.14065718885952
22.377270364016738,-25.893106198500288,-25.960676684715956,-31.469004863690984,-34.3723728699418,-24.8553487114021,7.179317507121751
26.852724436820083,-27.960378185718724,-29.11928605268342,-35.64672694412005,-35.20518626011258,-26.37282081570223,-0.8509471354938342
31.328178509623413,-28.92687229949585,-28.74018400545584,-35.05405525945026,-36.41872416296288,-28.643889011835256,-6.92507646444708
35.80363258242677,-29.072435879202008,-30.745056220064114,-37.738156266610986,-35.271386003112525,-29.514260638880128,-7.924741410622387
40.27908665523012,-30.855350123716207,-30.631363345635236,-36.91107338886012,-40.0069309027927,-32.21586598077129,-24.328407527945192
44.75454072803343,-32.61182508450736,-31.856770174194242,-39.51747694612367,-37.62127918715243,-31.518798693540223,-25.697503284905977
49.22999480083679,-31.987608636212514,-32.38116339418038,-43.05512325998595,-34.0899122479481,-31.993061466150085,-28.458455459997136
53.70544887364015,-35.661930793705785,-33.37061234665977,-39.19775748867595,-42.64547089941531,-31.716739337251045,-28.658537808075657
58.18090294644351,-35.84446881312389,-34.83284753447003,-37.02446059165369,-41.72258772036188,-31.04240780250416,-28.66731153430886
62.65635701924687,-36.456004876788576,-42.11047639072515,-42.026450940940386,-36.88886125392851,-35.41336807601315,-29.934633423622564
67.1318110920502,-34.3455186834273,-41.949505609554805,-42.00020809973354,-41.213026961126396,-35.76939520876039,-30.343136428355084
71.60726516485356,-34.234415531962775,-35.51475928748638,-42.34408272700967,-42.321575674419584,-36.19119183164364,-31.254259092857225
76.08271923765689,-35.85716666468307,-36.83013009147442,-46.813054957728625,-39.81410994890284,-37.03435886926344,7.53862457339899
80.55817331046025,-35.77951644208672,-34.44856738419947,-41.889132173945576,-37.401261086214994,-33.34315833370822,-4.334921702745205
85.0336273832636,-35.46005125748546,-38.222898597053174,-42.10702204065096,-38.124081029482696,-36.43602653292143,-8.973164719360266
89.50908145606694,-37.83350945989858,-32.00106668915618,-52.42122463104111,-43.70317849642983,-38.25146582864403,-15.352158340231515
93.98453552887027,-39.54006915555743,-38.341537415401696,-42.550061496392246,-42.76728800484983,-39.50089114791964,-19.598598089738108
98.45998960167363,-37.35244572982275,-34.09072163358405,-43.90269902531952,-41.717043399126126,-43.37781153659699,-27.13747519336338
102.93544367447699,-36.305431487608864,-39.72392023344109,-47.96446984762973,-42.573653596909935,-46.36288755362144,-29.653864915149466
107.41089774728032,-35.7401019838821,-40.386898627367415,-53.31669308955304,-40.678969209827464,-42.236740739502416,-30.860736302144108
111.8863518200837,-38.47458614675296,-39.961761732805925,-48.27454906509202,-40.68618673148158,-39.88880100053911,-31.283246156859246
116.36180589288703,-40.270038215284075,-42.0226988042302,-47.54663491523712,-41.19975227153055,-39.11731133134929,-32.09107075770554
120.83725996569036,-38.173519196952896,-40.87223262696419,-48.59805836007127,-39.63362134125494,-42.6754320818165,-32.128287956956775
125.31271403849372,-32.259546100903044,-44.35450141239695,-39.84750811160491,-39.26611875031102,-36.203237161019935,-32.14065718885952
129.78816811129707,-33.913886187204845,-45.89827383113483,-46.42840719902108,-37.64588593785392,-45.16514026347566,-0.9105368178417941
134.26362218410043,-19.598598089738108,-19.520525513492977,-22.617367269503752,-27.963889641680467,-27.567812222322367,-10.094681398837817
138.7390762569038,-35.171689642384464,-31.799886499126924,-39.40467945595592,-39.1892452178495,-39.16581729889465,-11.97945854607535
143.2145303297071,-36.52597798198558,-37.917019656176635,-41.59856557605339,-40.587890534502094,-43.35691402940033,-15.706867902002763
147.68998440251045,-34.09231280996042,-38.564886335585065,-41.36292614337829,-42.773918370817356,-36.95560931399465,-19.520525513492977
152.1654384753138,-49.8585694975508,-34.89807214849235,-42.69081754571858,-41.484623874328264,-47.179940668028365,-26.469553618999058
156.64089254811717,-41.29059458765152,-36.3265993389447,-42.798761363640104,-39.05788630474034,-43.53268169637121,-31.375620684864344
161.11634662092047,-35.792055955178675,-38.14398143752687,-47.372586107310006,-43.42402449258173,-47.42685650360126,-32.00106668915618
165.59180069372383,-35.4557741598232,-38.64320574127011,-43.757349643040385,-39.822102802426556,-51.53029040689858,-33.73584758408836
170.06725476652724,-36.1041585155366,-37.81371278839087,-48.2962341327762,-39.3790337887598,-42.61688638149088,-34.09072163358405
174.5427088393305,-37.48893694226853,-36.780355515644814,-44.2724707313151,-40.650648403867,-43.651806971784175,-34.44856738419947
179.0181629121339,-34.2657345911568,-35.95456341887357,-53.05959411951566,-41.79456755855503,-40.99633679176815,-34.89807214849235
183.4936169849372,-36.0990006697631,-39.12211604710074,-43.20573762230781,-42.1198906456544,-46.583150765232794,-11.488083647582492
187.96907105774056,-32.14065718885952,-35.072784457195866,-42.48602152482974,-35.51545901428228,-57.60778215962199,-11.513559373223982
192.44452513054392,-35.143421719631654,-38.27696970781537,-52.41619663425403,-36.889742792737344,-48.47147235883878,-14.837677648192004
196.91997920334728,-29.979321853102615,-34.986349323869554,-39.0616419219396,-43.145759307836435,-41.49994445908526,-16.244697344875366
201.39543327615064,-29.784377766538572,-33.94886952756022,-45.185702096112756,-37.20360571498492,-52.342120578058456,-22.617367269503752
205.870887348954,-28.49320681477341,-33.42090539474759,-40.984869976170074,-33.34762236961952,-43.27743479895213,-26.91811968541515
210.34634142175736,-24.908944604197686,-33.130435560314815,-40.006610777733854,-32.71747161452891,-42.75916274707946,-33.89582439505348
214.82179549456072,-20.638035246594832,-26.896178066500568,-34.65482942685628,-27.78845634459075,-33.34123597992006,-34.3362066772182
219.29724956736402,-8.973164719360266,-11.97945854607535,-14.837677648192004,-12.68132043144615,-12.857793819588636,-34.608152103069244
223.77270364016732,-13.312518341655888,-21.709411733472006,-32.51725889054156,-26.636745164927518,-35.16018181309676,-35.13123969071542
228.24815771297074,-22.666592117685703,-29.10424874183829,-33.046335385784005,-45.251433540539374,-30.214818934325145,-37.02446059165369
232.72361178577404,-25.854343894710166,-34.60136055592052,-43.19096288004274,-43.104520968733866,-32.05080034395485,-37.43652539589896
237.1990658585774,-26.227372657875012,-35.920371568817124,-38.080529557258245,-45.861801787042936,-36.32120484771436,7.179317507121751
241.67451993138076,-28.92342311658104,-34.738827437721774,-35.90569863943138,-33.52041719723687,-34.19977379400537,-0.8509471354938342
246.14997400418412,-31.748466178536276,-33.73584758408836,-35.13123969071542,-31.728763247718472,-32.09447027422414,-6.92507646444708
250.62542807698742,-34.861551184822986,-35.136042031153,-49.39457934670827,-38.413838322793,-37.79010570735932,-7.924741410622387
255.10088214979083,-29.94757117666291,-44.52176821322319,-37.43652539589896,-45.10362376720667,-35.29406768385454,-24.328407527945192
259.5763362225942,-28.875201330985753,-35.84753903783459,-59.64569816649007,-38.61026433402079,-38.54105673029332,-25.697503284905977
264.0517902953975,-27.13747519336338,-35.93495807910875,-38.87708191700659,-39.571926407024314,-40.36726631456674,-28.458455459997136
268.52724436820085,-31.059903609176732,-36.28804365651463,-45.66278169228312,-40.67942388481579,-33.03903327120092,-28.658537808075657
273.00269844100416,-29.9965358652939,-26.469553618999058,-26.91811968541515,-22.805869907975868,-24.575166070342206,-28.66731153430886
277.4781525138075,-29.885631989148397,-33.97875038289428,-46.256367797873054,-35.4808147959289,-41.59682513838068,-29.934633423622564
281.9536065866109,-26.717242379498455,-34.860165830790976,-44.988818543022965,-34.73789295052907,-38.21414931222316,-30.343136428355084
286.42906065941423,-27.413364903899332,-35.699733215132,-39.01277406633934,-34.5434977321866,-36.75744506381823,-31.254259092857225
290.9045147322176,-26.415685682218708,-33.106309862192326,-40.276088065117946,-31.538041041060325,-34.369428973144196,7.53862457339899
295.37996880502095,-24.765757458674862,-31.936748337259235,-39.57095792326795,-30.54552998440944,-33.729595701351556,-4.334921702745205
299.85542287782425,-22.65665490051576,-31.100230377752922,-32.88077490776674,-28.000198713681243,-31.01585375172472,-8.973164719360266
304.33087695062767,-19.58156601039747,-28.20268110781768,-31.23608194376342,-25.06074498829892,-27.64840968887546,-15.352158340231515
308.806331023431,-14.587604290001988,-22.07101034203265,-25.581856179720177,-21.184803972236914,-23.663169162510084,-19.598598089738108
313.2817850962343,-4.735671541054821,-10.094681398837817,-11.513559373223982,-9.642060449539917,-13.794164046578445,-27.13747519336338
317.7572391690377,-4.334921702745205,-15.360801335037857,-16.641408750881894,-12.066055298088862,-12.716040219450873,-29.653864915149466
322.232693241841,-14.529352668661332,-24.961243862716774,-27.961860919416747,-22.192599084803938,-23.005607332803116,-30.860736302144108
326.70814731464435,-18.72572096437539,-30.11165677585884,-30.125777415413488,-25.75119088399619,-27.1551459956164,-31.283246156859246
331.1836013874477,-21.414709739046938,-30.004390344855032,-33.43631053181963,-28.658285553225888,-30.901496793948077,-32.09107075770554
335.65905546025107,-23.91882380192399,-34.42954708318573,-36.954288693422185,-30.73446691221504,-32.39944152221903,-32.128287956956775
340.13450953305437,-26.29647526738324,-37.47886330059074,-34.3362066772182,-33.01792208171933,-34.9638428826657,-32.14065718885952
344.6099636058578,-27.33675978351713,-36.29189571655192,-37.41673598103956,-34.58885038668872,-34.83317196336374,-0.9105368178417941
349.08541767866103,-28.957576252274414,-36.22311173944665,-37.47268167027161,-35.102663444117496,-38.19993296997722,-10.094681398837817
353.56087175146445,-29.18295402866128,-35.98015260113905,-37.130124991789444,-36.41628075682959,-38.221606201849106,-11.97945854607535
358.03632582426775,-29.073995600857515,-43.081990264823496,-38.25696122868354,-37.86012625338844,-37.761733744560196,-15.706867902002763
362.51177989707116,-30.95570400600298,-37.71330349062298,-40.25457295947091,-38.71538610102442,-39.65628840884862,-19.520525513492977
366.98723396987447,-31.241114624327636,-43.58606519134242,-42.55597647578897,-36.81363182225607,-40.67985071817116,-26.469553618999058
371.4626880426778,-31.008011906594817,-40.19651459484557,-42.735134315235555,-40.188414626543874,-40.169394198325286,-31.375620684864344
375.93814211548124,-32.70097166135259,-39.20582909176791,-44.48416903544861,-39.40129367631712,-41.93198541775576,-32.00106668915618
380.4135961882845,-34.18851307594879,-44.35031912266882,-42.66235380686837,-41.52665898128143,-41.410075327521064,-33.73584758408836
384.8890502610878,-31.283246156859246,-40.93628040869672,-41.15242832618424,-41.584970001161416,-44.07185655022345,-34.09072163358405
389.36450433389126,-32.1200115839676,-40.673788410478636,-43.601617685531586,-44.68999863970993,-43.99940403639704,-34.44856738419947
393.8399584066947,-32.78522743494272,-41.449767356829724,-40.245448066770166,-42.91653353028818,-45.559290683755485,-34.89807214849235
398.3154124794979,-36.79131932147471,-41.85097426870535,-42.043191042892076,-49.69015828567827,-42.73836951808804,-11.488083647582492
402.7908665523012,-32.09107075770554,-45.967403015134416,-42.13651667553107,-42.74694969573932,-43.49836157571794,-11.513559373223982
407.2663206251046,-34.48924216109103,-45.098924323339524,-39.7767625623012,-43.39743488198299,-47.291377686642946,-14.837677648192004
411.74177469790806,-35.921292447899944,-40.35676607767943,-43.99540366805713,-48.43483504007299,-46.3075852390505,-16.244697344875366
416.2172287707113,-32.73949157261563,-42.74943849776705,-43.37569990886155,-38.40222273237043,-46.504965439080536,-22.617367269503752
420.6926828435146,-32.62907527230305,-40.927418890347084,-45.37915953901311,-41.50781405375999,-43.71487805214748,-26.91811968541515
425.1681369163181,-39.473192688386106,-52.695774095517784,-47.066483271303056,-41.793707941327646,-50.180709766548155,-33.89582439505348
429.64359098912144,-33.99108732226465,-42.08364762513038,-40.89229114452096,-42.55396952930282,-45.25131243611574,-34.3362066772182
434.11904506192457,-32.128287956956775,-36.34718063725489,-39.93740283117154,-46.86298584075765,-36.125476445966555,-34.608152103069244
438.59449913472804,-38.29797976885336,-39.65465809666892,-37.300010631732206,-38.45419208022925,-49.85646260673735,-35.13123969071542
443.0699532075314,-42.49713669871758,-40.11412812595115,-33.89582439505348,-36.792327958893935,-42.39640952478277,-37.02446059165369
447.54540728033487,-29.653864915149466,-38.679132667398875,-51.5717468880636,-48.378648325171,-43.89818389420575,-37.43652539589896
452.020861353138,-32.074979523588866,-42.74195152614695,-45.05919102000541,-43.67287131486109,-48.149592500129785,-1.783275467014507
456.49631542594136,-30.860736302144108,-36.45251185365628,-34.608152103069244,-42.12609350827463,-39.00745370106701,-9.642060449539917
460.9717694987447,-35.42144102509904,-31.375620684864344,-37.00370608241612,-36.212292047651104,-40.667172938663825,-12.68132043144615
465.4472235715482,-29.949037101756506,-32.474108869439306,-32.739602199517705,-33.550988847081754,-37.29416492770346,-18.633016698526127
469.92267764435144,-21.67855795653481,-25.340236291925393,-27.151038428849258,-30.11056061439386,-35.11396776110101,-22.805869907975868
474.3981317171548,-15.352158340231515,-15.706867902002763,-16.244697344875366,-18.633016698526127,-22.67925854589413,-26.18279212995866
478.87358578995816,-22.67584605050892,-17.048629079356136,-18.926066936734983,-20.374574535127262,-22.07284495908016,-27.963889641680467
483.3490398627615,-27.461774264252977,-27.535176502884894,-28.73654343317764,-29.819928601623317,-30.860906064412497,-31.728763247718472
487.8244939355649,-32.260787299851835,-31.852417965318253,-32.42132394174242,-33.75851850226811,-34.98077772173752,-34.0899122479481
492.2999480083681,-36.02534090666811,-34.31887146171637,-35.27213762074623,-36.5863261856457,-37.11575894959772,-35.271386003112525
496.7754020811716,-39.72926501851524,-36.804793491995774,-37.75393625812161,-38.26530812728182,-38.82386500570536,-35.51545901428228
501.25085615397495,-40.98085715613418,-38.50198231536564,-38.82812114605362,-39.89003871890856,-40.004614343721514,-36.792327958893935
505.7263102267783,-43.11953956008543,-39.614161472529794,-40.13808590446824,-40.964826798757635,-41.2084606155862,-3.4266523045376966
510.20176429958144,-46.240226045033324,-41.829686845850034,-40.90729080551576,-41.60862187889449,-41.76937684950473,-12.716040219450873
514.677218372385,-44.384287447025265,-40.725710367268064,-41.81802632387058,-43.128777111383954,-42.65498360205658,-12.857793819588636
519.1526724451884,-47.04242728173249,-42.13116011225647,-43.679951985009865,-44.87889124551604,-42.81867094244226,-22.07284495908016
523.6281265179916,-49.041282885652734,-43.98608441190639,-44.675375526018755,-44.80624675080101,-43.57231985500788,-24.575166070342206
528.1035805907949,-50.083533083924166,-44.44291428755597,-45.13896066224994,-45.19963141733845,-43.933964516960025,-27.567812222322367
532.5790346635982,-50.994896129963564,-44.81925568155453,-45.091783783160544,-46.245151005028866,-44.60435458937284,-30.214818934325145
537.0544887364017,-46.67504983143236,-46.698193590472016,-49.176262793192876,-43.787315388117314,-44.41040764779386,-31.04240780250416
541.5299428092051,-54.24060342997212,-46.41200501040029,-47.090630536266076,-46.6866331532891,-44.5284494088809,-32.09447027422414
546.0053968820084,-53.619036635498546,-46.57960159085383,-47.18252863239407,-46.636637626215105,-44.782596817458014,-33.34315833370822
550.4808509548117,-53.947786489431905,-47.031384097644334,-47.603439122052635,-46.73177333424662,-44.56190846322845,-35.29406768385454
554.9563050276151,-47.31224092574132,-50.12060722569533,-49.017784921571426,-48.1373364271483,-46.8143199605603,-36.125476445966555
559.4317591004184,-51.60771025755709,-47.0256331937647,-48.44407829100661,-48.682044096973755,-44.910868295354085,
563.9072131732219,-51.55110036881752,-48.44062605327427,-48.74329966806169,-49.09919400184048,-46.206765309478286,
568.3826672460251,-51.24963260605504,-47.92011314432153,-49.24211298848011,-48.42972085507573,-45.81874771741472,
572.8581213188285,-49.03323428010093,-52.025617974251944,-47.871130859707414,-51.387233613368466,-46.22781683223469,
577.3335753916318,-51.540099592382134,-49.770837295527215,-50.86084089014601,-50.76871830299115,-47.14244360522342,
581.8090294644351,-52.77220595965089,-49.21196447748059,-51.42235105641446,-50.46023769692981,-46.33163587859557,
586.2844835372384,-54.35983505506907,-55.023668447402024,-51.70527867631952,-47.500779681188476,-45.72253352041056,
590.7599376100419,-52.38406978700464,-49.65538909543095,-51.9953495197358,-50.354696658469095,-45.963844457356586,
595.2353916828453,-43.5293160402139,-45.883573466622934,-44.87433534103423,-47.90269177798481,-53.32692921133052,
599.7108457556485,-50.44520248665158,-51.571138834482255,-48.769444261679965,-50.92806803523252,-48.61748474550219,
604.186299828452,-50.89855377006621,-50.929498858226864,-49.18040652533261,-51.316352048774235,-48.4659325434436,
608.6617539012552,-49.82720153285196,-51.50984238457455,-51.12735061641963,-51.37996818316955,-48.040771048687255,
613.1372079740586,-47.8201625590669,-50.495259394272594,-49.9008812528411,-50.6969139779347,-49.281021493859704,
617.6126620468619,-50.93561308693589,-51.75781318589201,-49.76429603593945,-52.34236207834125,-48.49966136104108,
622.0881161196653,-52.20796188043955,-51.72900544995364,-50.22270491447189,-51.71659689717881,-48.675401654897755,
626.5635701924687,-50.6964403766608,-52.204256701823624,-50.968918952614146,-52.7242071183439,-49.37272763243974,
631.0390242652719,-52.474897182912315,-52.42933624318211,-52.38232783397911,-47.819121770860576,-51.89231080631479,
635.5144783380753,-48.33123611699228,-50.894028470068804,-53.2605647344818,-52.69959521666326,-48.370255093449686,
639.9899324108786,-48.625683856523445,-51.94262258687219,-51.074330964663076,-52.76186977144968,-49.211039960436445,
644.4653864836821,-48.783516974815704,-51.96295114146424,-52.88248315751423,-52.66065435407451,-48.694711788183646,
648.9408405564853,-50.04510124864766,-52.56517585516282,-52.86500862228963,-53.20575196523363,-49.01833714613461,
653.4162946292887,-50.2443972417505,-54.32711443048919,-53.973186192592316,-53.53123526514776,-49.1597708647725,
657.8917487020921,-50.07257547727594,-55.635703930721036,-53.2457564985453,-53.00230099924349,-49.314866404024926,
662.3672027748954,-49.57789880897123,-54.5177668819135,-51.82761289234606,-53.69821823362383,-48.858878766407884,
666.8426568476988,-44.8288976501636,-48.56685361003255,-52.476245671897594,-53.89894680384166,-47.78134507444223,
671.318110920502,-58.81489099351411,-53.79177651565007,-54.85768450385553,-54.02277537663555,-50.18812803691325,
675.7935649933055,-54.60187318561154,-54.541517732531275,-53.812660499171905,-53.913095593415036,-50.05637052079824,
680.2690190661089,-53.24776250998796,-55.08192384550681,-52.98318440428845,-53.813027724825204,-50.00249933979462,
684.7444731389121,-53.58736106867977,-54.87587534540687,-52.90806033530384,-54.33043877064466,-50.08457249089899,
689.2199272117153,-53.29878140881589,-54.58929352238593,-54.69573009427932,-53.970163004190866,-50.16405059182679,
693.6953812845189,-53.0392236656854,-55.18076781359163,-54.30894593167778,-53.56373337087777,-50.42882364570666,
698.1708353573223,-52.43815017901955,-53.87324770812406,-52.57331282728132,-58.64269757813523,-48.72020046835832,
702.6462894301256,-52.26020331859083,-54.085337373041604,-52.79848703502942,-55.36147421537616,-49.892440239026456,
707.1217435029288,-52.560823649514546,-54.10347797146052,-53.75971949036642,-55.602815350264116,-50.258292665169435,
711.5971975757321,-52.72066707677233,-55.53167445360238,-55.10916121459324,-55.29755835111209,-50.39718715117448,
716.0726516485356,-53.10224413797454,-56.64919581789164,-54.1799317561552,-55.442949879756355,-50.39161242103621,
720.548105721339,-52.6696031633756,-55.77074386612225,-54.35290218752944,-56.19503412809857,-50.61332478943403,
725.0235597941422,-52.54785521949156,-54.51676113444087,-54.829719253796945,-55.177986751665074,-50.55504752936617,
729.4990138669456,-53.38163563731331,-55.21780775555583,-54.69283960338606,-55.879455268575356,-50.65026106377089,
733.974467939749,-54.20134108430492,-53.75104792919358,-52.61365098115569,-55.27401868713011,-51.26562895460354,
738.4499220125523,-51.65199694169203,-56.22420702801855,-55.18573916808282,-55.291770092023036,-50.79529290161565,
742.9253760853557,-52.049445310397296,-56.08395124273507,-54.825019752650604,-56.03682196792143,-51.095235199175455,
747.400830158159,-52.59515969013938,-55.027977346036884,-53.40383547337892,-55.379485864372626,-50.96193645610889,
751.8762842309624,-52.8307453667464,-56.43630225125228,-53.69089948700558,-56.409137432274115,-51.35691078558422,
756.3517383037657,-52.97937245598685,-56.82399061664039,-53.95489955570049,-56.70357258565361,-51.14211031679088,
760.8271923765691,-53.19361848558493,-56.64941331605035,-54.41306701242787,-56.73443091765041,-51.23697588434829,
765.3026464493723,-52.51556617210153,-55.89584180556142,-55.01634351681791,-56.35725591291284,-51.41769596167144,
769.7781005221758,-52.46460066318591,-55.79753539436265,-55.09736083867565,-56.267629197585634,-51.52118221006784,
774.2535545949792,-51.96229286951912,-58.52447726907657,-53.418458968575145,-55.571477512153855,-51.638975010813525,
778.7290086677824,-49.432296615321185,-58.149291533897724,-52.61786889126728,-55.567941882443144,-51.80065939063961,
783.2044627405857,-47.83858934082075,-69.55738510597526,-61.23387388944025,-57.19432414602325,-51.53821944503588,
787.6799168133891,-54.48791582117015,-55.26411771097458,-56.451161391138136,-57.281288602621814,-52.22417032204351,
792.1553708861925,-49.90748328721339,-54.85212800884068,-52.70573684905489,-61.23646453893623,-51.77353216881354,
796.6308249589957,-54.4611331900827,-57.22593703224006,-57.48718818742628,-56.11277378531268,-50.8255830435596,
801.1062790317991,-55.71581440691787,-57.45605201371552,-57.00272962156866,-57.385227389040125,-51.18302928386514,
805.5817331046024,-54.98892739623224,-57.150951163960364,-56.59514483165775,-57.43881837887535,-51.46207877536255,
810.0571871774059,-54.83977701752535,-57.23493053530333,-57.17206447093041,-57.69780208194821,-51.745154302919474,
814.5326412502093,-54.75646747219546,-57.53251452092649,-57.60473929377352,-57.72240616229443,-51.78308566075216,
819.0080953230125,-54.81754128398823,-56.46447420650788,-57.12110991126718,-57.81470457363211,-51.85116782898429,
823.483549395816,-54.69831646530801,-55.836897698019285,-56.814538247041185,-57.957411757790226,-51.87934659581265,
827.9590034686192,-54.596010759572486,-57.033091474393544,-57.86773878874655,-58.0291889410264,-52.07473203044968,
832.4344575414226,-54.48824441990464,-59.692804703852254,-59.244861091326506,-58.09169098858262,-52.08142523008534,
836.9099116142261,-54.69187631319231,-59.58365795325555,-58.32996605005414,-58.267949282219654,-52.12913178335434,
841.3853656870293,-54.5172683722458,-58.66324679923853,-57.726136290924345,-58.21120937160962,-52.18292151098958,
845.8608197598326,-54.53613225864352,-59.20277348146151,-59.37412162176643,-58.353033268450275,-52.32860809915765,
850.3362738326359,-54.59139527710774,-58.762604168663444,-59.70252220261397,-58.6355553706749,-52.333183063267086,
854.8117279054392,-54.89623030295073,-56.393077728056056,-57.48737038006287,-58.304218344586445,-52.41636474805715,
859.2871819782428,-54.55615945643288,-56.082350839112706,-56.89189153993667,-58.57982755834775,-52.536944904322155,
863.7626360510461,-54.666103466426684,-57.89069746853222,-58.37465683830804,-58.63235066542559,-52.61452799092617,
868.2380901238494,-54.746018639544346,-57.97443090692795,-58.97081456058654,-58.808755936856954,-52.584466399568505,
872.713544196653,-54.73587388746022,-56.78151369010813,-57.01472142016744,-58.78562484754828,-52.74947198177845,
877.1889982694562,-54.64819507060609,-57.53943091388916,-56.79552966867237,-59.00292878960396,-52.64063446728074,
881.6644523422594,-54.95730799591924,-59.06417693270899,-57.40356630589733,-59.09232366699115,-52.712562165575875,
886.1399064150627,-54.976537892446736,-57.205891816351,-56.52677923591397,-58.80896402859708,-52.78919268948455,
890.615360487866,-55.119412817013924,-56.71202160101903,-55.98631350174884,-59.1411405332595,-52.929192304558974,
895.0908145606695,-55.13612423286852,-59.73586739623016,-57.6401011296262,-59.208766930704556,-53.029192974847,
899.5662686334728,-55.254850364958486,-60.927410696124404,-59.36502965919275,-59.37350217955115,-52.90292292878938,
904.041722706276,-55.292677606175914,-57.96962482085561,-58.1939378276611,-59.37192073881509,-52.97666235298589,
908.5171767790797,-55.23025693430472,-58.18724854867753,-56.69433587473663,-59.39547122688215,-53.04142391409805,
912.9926308518831,-55.1317154585604,-59.40093815279863,-56.945478663449165,-60.01315385207981,-52.98607848342145,
917.4680849246862,-55.233012222765254,-58.13272790931261,-58.32892833362202,-59.89332459806073,-53.18361816379789,
921.9435389974896,-55.21968083117268,-57.26423161645321,-58.739782092456075,-59.68762448412973,-53.24987590274161,
926.4189930702928,-55.31913618774095,-58.591009627813726,-58.264932607489335,-59.676137678079996,-53.327428031706305,
930.8944471430963,-55.28761377828276,-59.25209086915994,-59.01113043295321,-59.754177798818304,-53.28988011615007,
935.3699012158997,-55.409482440427254,-58.38402731087443,-58.92214459853164,-60.16083653260097,-53.2944131564429,
939.8453552887029,-55.23601255420057,-57.78872379764796,-56.71278530920798,-59.80085135171603,-53.288412983004676,
944.3208093615065,-55.31196284007558,-57.069483403200834,-56.071277124993415,-59.980146399386584,-53.31602607595687,
948.7962634343096,-55.5252901702881,-57.93821277228119,-58.25574419549004,-60.082773573566826,-53.4855368091721,
953.2717175071127,-56.513655442830355,-60.04030946511973,-58.82189045063875,-60.93817063808637,-53.143387648800164,
957.7471715799163,-55.89133825112985,-60.619712694648385,-57.992883018403916,-60.17034709269508,-53.643764578385614,
962.2226256527197,-55.89263713308394,-57.61602569492566,-57.867638889409896,-60.11593444533274,-53.67707456052482,
966.698079725523,-55.86448976110576,-57.816132118438375,-60.20217547371679,-60.26954311557401,-53.67607604097965,
971.1735337983264,-55.7957833991389,-60.28771903213057,-59.158355326964916,-60.21607448795017,-53.75583751670863,
975.6489878711297,-55.85435107019435,-59.928723479184356,-57.215076192936024,-60.2366835375591,-53.880420857989826,
980.1244419439333,-55.92553730763646,-59.88611787227679,-57.74697139264099,-60.37994904322679,-53.72282815868416,
984.5998960167365,-55.86200973967712,-62.24039830918109,-58.432014693436955,-60.45886550586377,-53.82727718796842,
989.0753500895396,-56.01337375917068,-60.02204470866191,-57.5213525832011,-60.52267016404273,-53.93657943349025,
993.5508041623432,-55.83009508227478,-58.3202249390702,-57.17679796822365,-60.825034509103986,-53.91512786877683,
998.0262582351463,-56.10048987408053,-60.435775536145414,-58.15485991795539,-60.73318096309994,-54.005766815722644,
1002.5017123079499,-55.911929323410156,-60.454562692172445,-58.47877488533229,-60.89783283029863,-54.017460556661014,
1006.977166380753,-55.91002335134721,-57.233360993699606,-58.75152258012921,-60.75546844344718,-54.1451779542605,
1011.4526204535564,-56.09130114418267,-57.39769738284042,-58.208623993816516,-60.852008933072426,-54.08788283822509,
1015.92807452636,-56.040286061206785,-61.056340016464915,-57.004486550053166,-61.03614405697382,-54.150151744434424,
1020.4035285991633,-56.015872793623146,-60.694775471083744,-56.8802291784995,-61.23480823428341,-54.24854775456072,
1024.8789826719665,-56.35097290733907,-58.16409471480181,-58.09487913178103,-61.16304166448258,-54.226579265847064,
1029.3544367447698,-56.18069803743603,-58.775721301738166,-58.82234599003403,-61.14665120997166,-54.20436783510872,
1033.8298908175732,-56.43511677851642,-59.88130572501808,-58.50966714706733,-61.29365924084536,-54.27646876808823,
1038.3053448903768,-56.28682549258245,-58.21204878273376,-59.29837544856973,-61.14785317481974,-54.313533960018134,
1042.78079896318,-56.329210273799276,-58.00093386474987,-60.953513115199655,-61.2432008782477,-54.33560007812028,
1047.256253035983,-56.37972364487632,-60.58555623890098,-60.74952686507036,-61.34575722806844,-54.43873061039356,
1051.7317071087866,-56.45920496932523,-65.74444054608239,-59.10805626809696,-61.51439672833999,-54.503808682273885,
1056.20716118159,-56.32877905706394,-64.15809836902169,-58.26679834488273,-61.7514801832467,-54.47430550141839,
1060.6826152543933,-56.39912669928114,-61.793800292051735,-58.23076922564903,-61.66187074011915,-54.56651997747808,
1065.1580693271967,-56.42772255968112,-61.45715608565587,-59.36779162134138,-61.62017783315371,-54.58094536670132,
1069.6335233999998,-56.415945045500436,-61.48042596561338,-61.38495512381911,-61.9781738973048,-54.6329290599803,
1074.1089774728034,-56.684966845652475,-60.62585731034376,-61.69034454895712,-61.6249506177224,-54.67121126129371,
1078.5844315456068,-56.562971298271904,-58.78449189510452,-61.5173837436881,-61.55803820355692,-54.66159256975682,
1083.05988561841,-56.61919561003962,-59.364974262920725,-60.873350735477736,-62.11280906375801,-54.70619062071129,
1087.5353396912135,-56.546888947114084,-61.17265355717605,-59.38229283841717,-61.81796626183754,-54.71970532386091,
1092.0107937640166,-56.802186494507005,-60.57873598744408,-58.69673768004333,-61.9757704761746,-54.70674184560379,
1096.4862478368202,-56.56730964580464,-59.61371919854074,-59.561283133069914,-61.98649709668278,-54.888661246015864,
1100.9617019096233,-56.84856273119927,-61.269585221025565,-60.31288510178861,-61.86898027686733,-54.91366902442635,
1105.4371559824265,-56.96494841608104,-63.70278498146784,-59.67605704881169,-62.10281342737215,-54.86108432727195,
1109.91261005523,-56.83407359880975,-62.03602660419851,-59.387880741982414,-62.01264457389116,-54.8952898657998,
1114.3880641280336,-56.88593458998592,-62.59160196929666,-59.54581901661318,-62.18638537855288,-54.98095273208371,
1118.863518200837,-57.02165465244302,-65.55424884365151,-59.01960607971383,-62.296215195654476,-54.95166187644311,
1123.3389722736404,-57.06971340801819,-62.009032038896585,-58.39739699741656,-62.4611906579612,-54.92192588826597,
1127.8144263464435,-57.226860400204416,-58.869283948566036,-58.71246429881655,-62.22832384582598,-55.048945001573784,
1132.2898804192469,-56.98055481717902,-59.568211716366946,-60.55036315782338,-62.43384588775768,-55.22014596054058,
1136.7653344920502,-56.91348164434182,-61.79976973061493,-61.553636557098486,-62.49935662781024,-55.06848331782376,
1141.2407885648533,-56.92182109088702,-60.51232780483833,-60.39647098194734,-62.67077123465141,-55.18826654697831,
1145.716242637657,-57.32060676988418,-59.456534567114105,-59.66281995292321,-62.292352093138696,-55.16311357448345,
1150.19169671046,-57.0283883183098,-61.15529837250218,-61.49094699576975,-62.54594266622517,-55.225528730502774,
1154.6671507832637,-57.34683593857277,-63.93740566861301,-62.636872477392544,-62.54704842534401,-55.355030353720366,
1159.142604856067,-57.23758517149815,-62.50768378979748,-60.007229436190826,-62.751529724691835,-55.170635943930876,
1163.6180589288704,-57.12200452587197,-62.11406693468031,-59.35202982724756,-62.78644083687911,-55.2547034625254,
1168.0935130016737,-57.30012364238317,-62.55863208491688,-60.87099603101457,-62.89435509909136,-55.34763039410406,
1172.5689670744769,-57.51006604447747,-62.18577265441223,-60.05856065739884,-62.808283548485136,-55.43722929112598,
1177.0444211472804,-57.41084293717673,-61.594022022677066,-58.531928602108245,-63.13483291561421,-55.314765953681984,
1181.5198752200838,-57.38200277772748,-61.80545831766109,-58.88137460314529,-63.101312974485644,-55.43271310688509,
1185.995329292887,-57.57534496017658,-60.04672684306761,-59.5602482733583,-62.96812794354486,-55.48589675025872,
1190.4707833656903,-57.53885742234422,-59.50281449912954,-59.368936966672024,-62.834048159838204,-55.44212932493613,
1194.9462374384939,-57.50202663643471,-62.033770792139926,-60.01363597420302,-62.9261735260997,-55.54206403157298,
1199.421691511297,-57.414919628727255,-68.15334007295672,-62.673663254548785,-63.13680372767182,-55.56096202226356,
1203.8971455841004,-57.49540941435693,-62.91015284336525,-62.16191190635372,-63.20470465188208,-55.61088625929435,
1208.3725996569035,-57.50303838011055,-60.38948474190182,-60.57730546420881,-63.21736683327546,-55.4671057680673,
1212.8480537297073,-57.48327347046586,-61.921647807895155,-60.62607368899454,-63.35678953163715,-55.69796597738371,
1217.3235078025107,-57.575924154153235,-63.765021608287796,-61.057367719947315,-63.265772019600874,-55.552678665644216,
1221.7989618753138,-57.49459815790629,-60.83531739783605,-60.273149572604005,-63.288492008202155,-55.673038515084066,
1226.2744159481172,-57.651081904602115,-60.27827174760324,-61.84828210711,-63.56669473266368,-55.73193941412174,
1230.7498700209205,-57.76684309570041,-61.07835148637561,-62.41747436645929,-63.438062833934325,-55.73673176803251,
1235.225324093724,-57.66554915538286,-60.97282664915114,-59.84123706294878,-63.5953914026732,-55.771069049371775,
1239.7007781665272,-57.815582602838234,-60.62395784901871,-58.90993405061834,-63.450309787520816,-55.79126955407891,
1244.1762322393304,-57.93223369784614,-61.1491862985632,-60.38882902199386,-63.299132768094275,-55.7333941859882,
1248.6516863121337,-57.829371001163295,-63.26687541281865,-61.415591092601005,-63.37305807500887,-55.83042475457634,
1253.1271403849373,-57.95357130921516,-64.43869343197063,-59.544069864739974,-63.51649557240349,-55.93136484774653,
1257.6025944577405,-57.87020357390129,-64.27349345006138,-58.58725626662533,-63.59423707007672,-55.88989051762497,
1262.0780485305438,-57.97193948812959,-62.677893441586946,-59.48319600523516,-63.66241103084021,-55.867204964433895,
1266.5535026033474,-58.03486085975804,-61.98852992829319,-61.9125789341294,-63.59187966769149,-55.983177442422246,
1271.0289566761508,-57.86561813780694,-63.993967241548056,-63.151824931397286,-63.570295256721266,-55.985194110090156,
1275.5044107489541,-57.9274902430323,-67.70273062730762,-61.304771291260224,-63.73002946126228,-55.969450616337625,
1279.9798648217572,-57.968537342117074,-65.13751604994673,-60.00218786299824,-63.909188392456144,-56.004361880937424,
1284.4553188945606,-57.85171670181644,-62.947574231365024,-60.63664419760143,-63.930613972143945,-56.022829841511026,
1288.930772967364,-58.128422794251335,-62.76262583000629,-61.75812577974227,-64.21166302089611,-56.02628137927916,
1293.4062270401676,-57.73976482290007,-61.078692065690575,-61.81811442835684,-63.719424945117744,-55.96786265830376,
1297.8816811129707,-58.27855179691543,-60.23874374787123,-62.47400520596283,-63.94379625269451,-56.159007317349605,
1302.357135185774,-58.13372258054252,-61.53185370752709,-61.396286093123955,-64.05410095031692,-56.303672995944666,
1306.8325892585774,-58.09626869861057,-64.32894245097138,-59.35893828130976,-64.0664423678104,-56.1415820320198,
1311.3080433313808,-58.273963128732504,-62.3712369365381,-58.82987225325604,-64.21468638350092,-56.173867048521856,
1315.7834974041841,-58.27113212006392,-61.43301658880225,-60.35620643045364,-64.24868191853237,-56.19311738684446,
1320.2589514769875,-58.47168213834398,-64.65750627481346,-61.56752666776288,-64.21984200751969,-56.288005497319595,
1324.7344055497908,-58.12434636957881,-67.52515087470005,-61.6069217065965,-64.12165555644006,-56.342384834654275,
1329.2098596225942,-58.26503114567175,-60.43871964240061,-62.59397974344016,-64.06576813283684,-56.17628535710534,
1333.6853136953976,-58.0908914797684,-57.95988064809369,-62.18768002225815,-64.34308590183616,-56.25892144143265,
1338.160767768201,-58.212755645516424,-58.90568953946611,-60.01154947538978,-64.35842809693645,-56.35561407833015,
1342.6362218410043,-58.410181534971144,-60.73765850898951,-59.8949938665567,-64.54720662065401,-56.44855534640091,
1347.1116759138074,-58.312077639961814,-60.45082787713714,-61.9067086997987,-64.35617264533138,-56.33692860789552,
1351.587129986611,-58.45948591684143,-60.286217896136655,-63.69888405703581,-64.34400884340991,-56.439506538725645,
1356.0625840594141,-58.451838351753274,-65.74892347855155,-62.65342628664704,-64.36466572344335,-56.471553718100544,
1360.5380381322175,-58.379550242234686,-67.8428395896544,-63.6324164801567,-64.39846819002977,-56.359787562836544,
1365.0134922050208,-58.35659213885583,-60.15926995613695,-62.590584829039884,-64.30275882392729,-56.487357665036875,
1369.4889462778242,-58.730431732198895,-59.40631326626877,-60.483495312800706,-64.71301048173838,-56.65209505714891,
1373.9644003506278,-58.51624505843054,-62.12152076036928,-60.247509697211754,-64.69946329943069,-56.46308276595028,
1378.4398544234311,-58.49001266604987,-63.37233669688166,-63.89574791071545,-64.79332951599518,-56.59370649233263,
1382.9153084962343,-58.72601303736603,-60.058327351448135,-64.08982847608097,-64.80722147245683,-56.50703593036469,
1387.3907625690376,-58.59917411705631,-59.90538256999052,-61.42800683929131,-64.86648019129534,-56.48726679903484,
1391.866216641841,-58.47645207614175,-62.2460703629491,-62.486935220062705,-64.42913131462498,-56.632523921875034,
1396.3416707146444,-58.744000139009486,-62.99360292611851,-64.38500066522467,-65.01896774902092,-56.559044632155555,
1400.8171247874477,-58.68568231526473,-61.072400463199166,-62.03076493133339,-64.72760175203834,-56.60174956875436,
1405.2925788602508,-58.63190726803392,-61.15569658424423,-60.42768209725807,-64.69642841799558,-56.6592891247992,
1409.7680329330544,-58.69024518336794,-63.17523669814004,-59.61846936614002,-64.84421650022354,-56.65691297198854,
1414.2434870058578,-58.64764438552655,-66.21274213198456,-60.00124692384499,-64.82605561542594,-56.63920528004118,
1418.7189410786611,-58.50891790632086,-64.53126882064772,-61.26371704071139,-65.04339304257503,-56.840563742703736,
1423.1943951514645,-58.53848085655792,-62.489774003383175,-64.45971656697277,-64.91303139046508,-56.853193172930354,
1427.6698492242676,-58.594729966036596,-61.947144643497126,-61.65000771437288,-65.07065642617488,-56.772637940183046,
1432.1453032970712,-58.80819742499209,-63.00848897913015,-59.35063895455515,-64.95547720490245,-56.798193524919796,
1436.6207573698746,-58.554791698781116,-64.90876516746447,-59.962374007327455,-64.95047660534476,-56.8510320288852,
1441.0962114426777,-58.77383210862527,-63.34244472732169,-61.919816419518355,-64.91567304410262,-56.859090099724064,
1445.5716655154813,-58.848289724065,-61.99721242552268,-61.00230292708054,-64.78053766891097,-56.69101592427802,
1450.0471195882844,-58.89224593622299,-62.362325082106544,-60.52300971705143,-65.31682613759968,-56.915525631250894,
1454.5225736610878,-58.91860683315484,-62.857966952283135,-61.80443226480368,-65.23064295499668,-56.69495651398307,
1458.9980277338911,-59.179474820929556,-63.26630753831745,-61.85391064065388,-65.17554332450858,-56.98400750324471,
1463.4734818066943,-59.00022339130892,-64.00953819087627,-60.74607614999216,-65.2709969086946,-56.800517637469866,
1467.9489358794979,-58.8822336620768,-63.116360634646966,-59.842922080286925,-65.15993914420199,-56.91268225107745,
1472.4243899523015,-58.899857808120316,-61.170010046174994,-59.7704365563432,-65.21996249977492,-57.074019766729776,
1476.8998440251046,-58.95403927985061,-61.838952675084535,-60.28462289087689,-65.6222314693965,-56.95376027508758,
1481.3752980979082,-58.89871571249366,-65.47838906693829,-61.58861895121679,-65.25462448599426,-57.00360023106268,
1485.8507521707113,-58.90298265038922,-63.49327984265882,-61.054182227994254,-65.65481759967608,-57.01616156659938,
1490.326206243515,-58.74154537901391,-60.116628965217956,-59.37296244547409,-65.3033920191272,-57.056474754165635,
1494.801660316318,-59.05762016159545,-60.76539794833637,-59.79493335512136,-65.78639165319059,-57.02734156205863,
1499.2771143891212,-59.22225087356238,-65.22910303317929,-62.199618847506656,-65.35801682211324,-57.0786546136374,
1503.7525684619247,-59.06189978796548,-63.749352692737375,-63.63107417619503,-65.38535525272204,-56.9665723725059,
1508.2280225347279,-59.194344621132124,-60.38117010364283,-62.357268337974574,-65.25748959472037,-57.065046580842626,
1512.7034766075312,-59.257406606389615,-60.77816431194351,-62.1490785908082,-65.73755319248504,-57.23036156448963,
1517.1789306803348,-59.013089483931516,-62.592859556444736,-62.06481873212651,-65.646700961475,-57.00371693674096,
1521.6543847531382,-59.031584177553995,-63.53658663960306,-62.00514193920701,-65.75744816703696,-57.22528578392354,
1526.1298388259415,-59.07955304101171,-65.00789259123441,-62.09702700100935,-65.9388104016163,-57.091288867449066,
1530.605292898745,-59.23035792518278,-63.20114894006315,-61.87232905676106,-65.72778249883748,-57.18392145435013,
1535.080746971548,-59.35619315168324,-60.45381063572272,-62.21299904167957,-65.66852233907125,-57.262041055609096,
1539.5562010443516,-59.09772558345377,-60.47323475365904,-64.1945557190154,-65.80622069789301,-57.18991333823392,
1544.0316551171547,-59.153583533591444,-63.44036283565458,-67.3856142184447,-65.57967956038011,-57.28538912529041,
1548.5071091899583,-59.20125216791588,-64.01408724563143,-63.832669331053,-65.56023733422253,-57.35691364662202,
1552.9825632627617,-59.35669342175251,-61.652983802287594,-61.282902030425134,-65.8804467569857,-57.217829131693236,
1557.4580173355648,-59.1318970461393,-62.69762910293526,-62.049007740596345,-65.68723472469695,-57.329743839531616,
1561.9334714083682,-59.38013529346947,-69.05278160546763,-65.46894006719667,-65.93465108933525,-57.331585739579,
1566.4089254811713,-59.387137544188406,-73.55600053572087,-67.86840212338356,-65.96711320195543,-57.25437441392365,
1570.884379553975,-59.37200624907347,-67.0462892293462,-64.3490204989833,-65.86596139766449,-57.32255599868889,
1575.3598336267785,-59.40238093754613,-65.18312116247382,-62.61383808270669,-65.76783003844847,-57.32932786086114,
1579.8352876995816,-59.29384791352719,-64.03648097424231,-63.83023395602506,-66.12621676646982,-57.38174198848969,
1584.310741772385,-59.47774199347259,-65.48490664958427,-65.7529935617138,-66.03215935703318,-57.462915489551904,
1588.7861958451883,-59.47647278177679,-66.1853828540778,-63.20313215627644,-65.85277453322955,-57.301058253960704,
1593.2616499179917,-59.33967381497055,-62.669734226729645,-61.82247036724526,-65.71861550171388,-57.49363899291951,
1597.737103990795,-59.293308802503795,-61.85192536036879,-63.26546240208735,-66.11689499614326,-57.412079253680886,
1602.2125580635982,-59.42716391784445,-64.17908847400639,-65.45585878154594,-66.03744625218512,-57.35889391298703,
1606.6880121364018,-59.68184326563268,-68.43245637436243,-62.603028083880446,-66.37098236695643,-57.396573395207675,
1611.1634662092051,-59.41043858062592,-66.12097344106391,-60.93976658738167,-66.0663628931509,-57.461773338968875,
1615.6389202820083,-59.73478360212012,-64.45478333608114,-61.87524161630699,-66.28158251166899,-57.53796493875369,
1620.1143743548116,-59.22425676638139,-62.54073100969804,-62.2863041146335,-66.16146494500752,-57.44095222763239,
1624.5898284276152,-59.54533031441839,-61.8771775785258,-61.71978126988415,-66.08601363645366,-57.46580491928104,
1629.0652825004183,-59.35892759993585,-63.57368506636254,-62.24673768434661,-66.35349649447016,-57.580922927094065,
1633.540736573222,-59.521763449676214,-66.35175142314412,-62.13291652993256,-66.17370604450875,-57.64201983283722,
1638.016190646025,-59.54765894672674,-62.911607092023935,-61.276016830664176,-66.4273188386099,-57.620751716134095,
1642.4916447188284,-59.656556775828335,-62.090341038401284,-61.49194032215195,-66.27043057166533,-57.66853747576246,
1646.9670987916318,-59.7763267349563,-65.22394600156103,-64.83252319714006,-66.11957048402192,-57.47986261663691,
1651.442552864435,-59.67879577892246,-64.42608539792849,-64.785225379866,-66.33258220653457,-57.4706520043398,
1655.9180069372387,-59.70245115843423,-61.95600619729852,-62.12771954814591,-66.35128849602937,-57.45033467131801,
1660.3934610100418,-59.729114947044465,-62.60663965908921,-60.48948853385987,-66.18134236693504,-57.65994894802991,
1664.8689150828452,-59.64245507156767,-65.45652488187544,-60.51747871425058,-66.68280416686089,-57.64702135149229,
1669.3443691556486,-59.718680714074715,-63.71904611534391,-62.35962193233037,-66.63695735104704,-57.5773631523953,
1673.819823228452,-59.753983691993724,-62.34933641092848,-65.97304992872253,-66.39205604711209,-57.66110917916042,
1678.295277301255,-59.83100505509658,-63.93526348761236,-66.12666374666826,-66.86037001609242,-57.7432740943243,
1682.7707313740584,-59.55645886819244,-65.20336474819882,-63.15089483306012,-66.60001811983992,-57.681919288364895,
1687.2461854468618,-59.587043311336735,-64.84622612004951,-63.7160772400602,-66.54819700322129,-57.6658566419728,
1691.7216395196656,-59.522062279604874,-67.73472809844867,-66.96486649746848,-66.4154300393935,-57.64589964991886,
1696.1970935924685,-59.40503191245516,-68.33318968692122,-63.744380252772956,-66.54954585936383,-57.71571706107007,
1700.672547665272,-59.50718865930875,-63.620951846710874,-60.99589508148428,-66.56865000552395,-57.76257181600948,
1705.1480017380754,-59.284381382351086,-62.83502052080985,-61.75235174101154,-66.32278904314012,-57.82689255147795,
1709.6234558108786,-59.75952058277434,-65.46650023038832,-66.17254294307693,-66.5958195881011,-57.82191090999879,
1714.0989098836822,-60.070813841646924,-66.3489739103902,-67.772996175477,-66.55002902642443,-57.82790493281568,
1718.574363956485,-59.77657490603407,-62.048499926935406,-64.42953426129024,-66.62622324185105,-57.84452939964651,
1723.0498180292886,-59.86796171535032,-60.62197868492356,-62.68464856438547,-66.49368270224988,-57.81883025708832,
1727.525272102092,-60.02484359225104,-62.82076859998649,-62.468202357490405,-66.59579597616317,-57.77093067695127,
1732.0007261748956,-59.768394767432504,-67.04916604844917,-63.52154762372401,-66.70360565596498,-57.82937178252094,
1736.4761802476987,-59.76561580667223,-65.70011004986867,-64.27626542112546,-67.0760697435057,-57.953156164741216,
1740.951634320502,-59.961862161093194,-65.42062011461454,-63.07589296014535,-66.9037701806015,-57.970586110663966,
1745.4270883933052,-60.12526847092196,-72.06316324370941,-62.90106331923493,-66.47561711286178,-57.7959041473384,
1749.9025424661088,-60.12780945601087,-66.8523334822866,-64.5897255093347,-66.8744178895117,-58.00336238486863,
1754.3779965389122,-59.95523246661165,-61.9699021445399,-63.71247754610842,-67.17056455959609,-57.94586703284793,
1758.8534506117157,-59.8875971423563,-61.15060278211334,-61.735796170912636,-66.80643484591094,-57.78949881475923,
1763.328904684519,-60.01512342553346,-62.06286594303756,-62.68432303690379,-66.60896140755409,-57.99405685074849,
1767.8043587573222,-60.15158890512797,-62.1556562726115,-64.63258845266232,-66.67463133591322,-58.01306052670672,
1772.2798128301258,-60.08880285838295,-63.19652931465895,-63.33996685617252,-66.57190162335839,-57.95417947559951,
1776.7552669029287,-59.80924849439227,-68.61797336950069,-62.39160952611965,-67.0764198151753,-57.99070016949457,
1781.2307209757323,-59.94680077979237,-66.7958847085032,-64.45900797888552,-66.68103342482686,-58.032087316103414,
1785.7061750485354,-59.908317246546346,-62.838861866590044,-65.0734805481525,-67.10492465262033,-57.94901711049916,
1790.1816291213388,-60.16708624277423,-62.23514686859527,-63.28453709863417,-67.09375366038375,-57.88732947031333,
1794.657083194142,-59.87960106377861,-61.689679109963755,-63.91764091684904,-67.45468058645636,-57.95662065109933,
1799.1325372669457,-60.05396893919462,-60.58357477812332,-66.57084733061784,-66.99991052693619,-58.03202657633622,
1803.607991339749,-59.987485177045194,-62.207596241488204,-63.92644713133153,-66.9468666855657,-57.83891124351931,
1808.0834454125525,-59.79978462253034,-71.56518291801245,-62.440546913010984,-66.69947584489546,-57.95451942368967,
1812.5588994853558,-59.87637185775029,-66.7330134485862,-63.838504972908574,-67.27030165868203,-57.869778427439094,
1817.034353558159,-60.1520535310717,-63.04999359649538,-65.12749923987383,-66.58672371845665,-58.08370134411884,
1821.5098076309623,-60.36247760578219,-66.2575120880626,-63.81093724923625,-67.32101340283121,-58.17947016099928,
1825.9852617037654,-59.9236137767914,-68.08428668940705,-62.171754537240965,-67.14737304604321,-58.01594306830235,
1830.4607157765695,-60.24957058094969,-62.27312211642233,-61.06795925758095,-66.75143868516189,-58.11326827283744,
1834.9361698493724,-60.21755264248903,-62.486021513238335,-61.535288165548096,-66.82269024604936,-58.09658776803114,
1839.411623922176,-60.073530335451196,-66.2425579230195,-65.00938552639452,-67.02917649906212,-58.00046105468314,
1843.8870779949789,-59.966955851305045,-64.60974509154127,-66.82494482948366,-67.01023626144432,-58.14502782228304,
1848.3625320677825,-60.19095970778102,-61.56656149977106,-60.47724874542148,-67.14742428920917,-58.20780739683972,
1852.837986140586,-60.03112583123365,-62.481499919111755,-58.61341854889411,-67.30599628439849,-58.09409136286614,
1857.313440213389,-60.17182377984027,-65.21199663217723,-60.342551198420004,-67.4445586566675,-58.15170806776493,
1861.7888942861923,-60.15680572987107,-65.45382866153383,-66.24165341776725,-67.24173689119638,-58.03024044168788,
1866.2643483589957,-60.13178354360014,-63.812555610472145,-66.54445231794122,-67.07371786506455,-58.182703186281806,
1870.7398024317995,-60.14709213981911,-62.02158926292434,-62.1287037536963,-67.11222425235216,-58.109903247528,
1875.2152565046026,-60.24879397804214,-61.52959871771149,-61.89456647418483,-67.0830283503626,-58.016147779741836,
1879.690710577406,-60.19646776864491,-63.7721547371693,-63.79509276824281,-67.20530819897641,-58.178562918386625,
1884.166164650209,-60.35393131899366,-66.5057779875073,-63.86792164340484,-67.43815709658016,-58.10397145451212,
1888.6416187230127,-60.59767229647942,-62.7569511205742,-62.04819282076406,-67.48698158886998,-58.13170787351241,
1893.1170727958156,-60.3341473691836,-61.805917943677066,-61.636908993350715,-67.38249752202667,-58.19436739399354,
1897.5925268686192,-60.054274852610945,-64.83887198515403,-61.64133570921223,-67.85656328425806,-58.23400863978419,
1902.067980941423,-60.334555031517574,-65.0058045569346,-61.33096402303194,-67.49414656427693,-58.182830630081675,
1906.543435014226,-60.193919673382226,-62.72825528828123,-61.422386295426115,-67.15887797808834,-58.229206708839726,
1911.0188890870297,-60.124356345362486,-62.54711719759349,-62.58587926773812,-67.26868848250031,-58.302413753262634,
1915.4943431598326,-59.996240338052694,-63.39597773992121,-63.306460083778056,-66.92822503641261,-58.144323226992476,
1919.969797232636,-59.86756812072752,-64.48895785384876,-61.682626843407604,-67.88027849059091,-58.24899630615895,
1924.4452513054393,-60.500914688411854,-65.39471361858168,-60.391416745305335,-67.6917106702453,-58.35085329694283,
1928.9207053782427,-60.370148962583066,-63.96372440872668,-60.85582814069938,-67.13419926756883,-58.030085368221506,
1933.3961594510458,-60.37159472181759,-62.00098317780391,-62.08853241488194,-67.44896494740178,-58.08585793162972,
1937.8716135238492,-60.11923754408548,-63.248664682283774,-62.96974997243974,-67.3821152977387,-58.29303751427766,
1942.3470675966526,-60.32775527958804,-66.37878871332971,-62.19267090466345,-67.3094843876785,-58.27236119161793,
1946.8225216694561,-60.26927226544322,-63.7868443604632,-60.698807290914296,-67.52780218223072,-58.29531482282863,
1951.297975742259,-60.10846357915235,-63.23486905096766,-60.52553849913092,-67.59245270737054,-58.1881047766332,
1955.773429815063,-60.12799649704431,-67.00710369530309,-62.58206207453505,-67.35255021799753,-58.25631581326444,
1960.2488838878664,-60.15608491594644,-65.38223984568603,-68.14962293931363,-67.62392766901945,-58.167663986907115,
1964.7243379606693,-60.55575439249595,-60.69318694411487,-67.89435311610502,-67.10892045541752,-58.27803880771239,
1969.199792033473,-60.152849779982674,-60.2807719320429,-63.430073763885616,-67.60952189773732,-58.407167969446476,
1973.6752461062765,-60.13116083071548,-62.67279157958786,-62.266534473050626,-67.58801516635525,-58.27178874239194,
1978.1507001790796,-60.274875609711536,-64.06259961963411,-62.41408699786797,-67.12170084409227,-58.364311866811875,
1982.6261542518828,-59.946603147071755,-64.3375317019125,-62.1257907120766,-67.80680623780525,-58.24521336233665,
1987.1016083246864,-60.34593130599091,-66.77592166432383,-62.482876486973765,-67.58796512256525,-58.444281926267195,
1991.577062397489,-60.41263895492372,-65.55493306670354,-63.227545358548994,-67.73614358098554,-58.281714446208994,
1996.052516470293,-60.628379609080014,-62.49535156573884,-63.991796271523796,-67.62511633827005,-58.35220980997739,
2000.5279705430962,-60.39722285923105,-62.87636956215859,-62.648594190304806,-68.00528902539162,-58.329824108925045,
2005.0034246158993,-60.8258084019952,-65.48535624340522,-62.3371262409972,-67.17431907895903,-58.316995882174666,
2009.478878688703,-60.38409700294581,-63.90174448073565,-64.09702099118789,-68.0270032174139,-58.32539870763706,
2013.9543327615065,-60.3842278284636,-61.97219642415068,-68.01251323114366,-67.60000520898757,-58.3882001380377,
2018.4297868343097,-60.19817021710413,-62.83215315432219,-65.89579673984186,-67.77415310815263,-58.32821963635816,
2022.9052409071128,-60.1737587637292,-64.93112689973698,-63.4835786557536,-68.24032597469294,-58.34972177762343,
2027.3806949799164,-60.36611637912051,-64.83267902161622,-64.59852229716388,-67.41154854068927,-58.29396204407486,
2031.8561490527195,-60.587727594752145,-63.914478343308275,-64.87274536898546,-67.44055138922391,-58.26789126543906,
2036.331603125523,-60.42047852594183,-64.96335162863281,-61.64590131366389,-67.53478777235802,-58.49150425185738,
2040.8070571983262,-60.274026395154394,-64.85992239941281,-60.08418492538121,-67.87347361512462,-58.41456414970719,
2045.2825112711303,-60.26857942656263,-63.40915993856775,-60.97396463184515,-67.50647487891712,-58.36043297461441,
2049.757965343933,-60.56482889546268,-63.05682814370777,-63.88258652232686,-67.89163821366695,-58.48911834463679,
