Frequency(MHz),Power(dBmV/100kHz)_20260203_093443
107.8981,-60
107.9981,-60
108.0981,-60
108.1981,-60
108.2981,-60
108.3981,-60
108.4981,-60
108.5981,-60
108.6981,-60
108.7981,-60
108.8981,-60
108.9981,-60
109.0981,-60
109.1981,-60
109.2981,-60
109.3981,-60
109.4981,-60
109.5981,-60
109.6981,-60
109.7981,-60
109.8981,-60
109.9981,-60
110.0981,-60
110.1981,-60
110.2981,-60
110.3981,-60
110.4981,-60
110.5981,-60
110.6981,-60
110.7981,-60
110.8981,-60
110.9981,-60
111.0981,-60
111.1981,-60
111.2981,-60
111.3981,-60
111.4981,-60
111.5981,-60
111.6981,-60
111.7981,-60
111.8981,-60
111.9981,-60
112.0981,-60
112.1981,-60
112.2981,-60
112.3981,-60
112.4981,-60
112.5981,-60
112.6981,-60
112.7981,-60
112.8981,-60
112.9981,-60
113.0981,-60
113.1981,-60
113.2981,-60
113.3981,-60
113.4981,-60
113.5981,-60
113.6981,-60
113.7981,-60
113.8981,-60
113.9981,-60
114.0981,-60
114.1981,-60
114.2981,-60
114.3981,-60
114.4981,-60
114.5981,-60
114.6981,-60
114.7981,-60
114.8981,-60
114.9981,-60
115.0981,-60
115.1981,-60
115.2981,-60
115.3981,-60
115.4981,-60
115.5981,-60
115.6981,-60
115.7981,-60
115.8981,-60
115.9981,-60
116.0981,-60
116.1981,-60
116.2981,-60
116.3981,-60
116.4981,-60
116.5981,-60
116.6981,-60
116.7981,-60
116.8981,-60
116.9981,-60
117.0981,-60
117.1981,-60
117.2981,-60
117.3981,-60
117.4981,-60
117.5981,-60
117.6981,-60
117.7981,-60
117.8981,-60
117.9981,-60
118.0981,-60
118.1981,-60
118.2981,-60
118.3981,-60
118.4981,-60
118.5981,-60
118.6981,-60
118.7981,-60
118.8981,-60
118.9981,-60
119.0981,-60
119.1981,-60
119.2981,-60
119.3981,-60
119.4981,-60
119.5981,-60
119.6981,-60
119.7981,-60
119.8981,-60
119.9981,-60
120.0981,-60
120.1981,-60
120.2981,-60
120.3981,-60
120.4981,-60
120.5981,-60
120.6981,-60
120.7981,-60
120.8981,-60
120.9981,-60
121.0981,-60
121.1981,-60
121.2981,-60
121.3981,-60
121.4981,-60
121.5981,-60
121.6981,-60
121.7981,-60
121.8981,-60
121.9981,-60
122.0981,-60
122.1981,-60
122.2981,-60
122.3981,-60
122.4981,-60
122.5981,-60
122.6981,-60
122.7981,-60
122.8981,-60
122.9981,-60
123.0981,-60
123.1981,-60
123.2981,-60
123.3981,-60
123.4981,-60
123.5981,-60
123.6981,-60
123.7981,-60
123.8981,-60
123.9981,-60
124.0981,-60
124.1981,-60
124.2981,-60
124.3981,-60
124.4981,-60
124.5981,-60
124.6981,-60
124.7981,-60
124.8981,-60
124.9981,-60
125.0981,-60
125.1981,-60
125.2981,-60
125.3981,-60
125.4981,-60
125.5981,-60
125.6981,-60
125.7981,-60
125.8981,-60
125.9981,-60
126.0981,-60
126.1981,-60
126.2981,-60
126.3981,-60
126.4981,-60
126.5981,-60
126.6981,-60
126.7981,-60
126.8981,-60
126.9981,-60
127.0981,-60
127.1981,-60
127.2981,-60
127.3981,-60
127.4981,-60
127.5981,-60
127.6981,-60
127.7981,-60
127.8981,-60
127.9981,-60
128.0981,-60
128.1981,-60
128.2981,-60
128.3981,-60
128.4981,-60
128.5981,-60
128.6981,-60
128.7981,-60
128.8981,-60
128.9981,-60
129.0981,-60
129.1981,-60
129.2981,-60
129.3981,-60
129.4981,-60
129.5981,-60
129.6981,-60
129.7981,-60
129.8981,-60
129.9981,-60
130.0981,-60
130.1981,-60
130.2981,-60
130.3981,-60
130.4981,-60
130.5981,-60
130.6981,-60
130.7981,-60
130.8981,-60
130.9981,-60
131.0981,-60
131.1981,-60
131.2981,-60
131.3981,-60
131.4981,-60
131.5981,-60
131.6981,-60
131.7981,-60
131.8981,-60
131.9981,-60
132.0981,-60
132.1981,-60
132.2981,-60
132.3981,-60
132.4981,-60
132.5981,-60
132.6981,-60
132.7981,-60
132.8981,-60
132.9981,-60
133.0981,-60
133.1981,-60
133.2981,-60
133.3981,-60
133.4981,-60
133.5981,-60
133.6981,-60
133.7981,-60
133.8981,-60
133.9981,-60
134.0981,-60
134.1981,-60
134.2981,-60
134.3981,-60
134.4981,-60
134.5981,-60
134.6981,-60
134.7981,-60
134.8981,-60
134.9981,-60
135.0981,-60
135.1981,-60
135.2981,-60
135.3981,-60
135.4981,-60
135.5981,-60
135.6981,-60
135.7981,-60
135.8981,-60
135.9981,-60
136.0981,-60
136.1981,-60
136.2981,-60
136.3981,-60
136.4981,-60
136.5981,-60
136.6981,-60
136.7981,-60
136.8981,-60
136.9981,-60
137.0981,-60
137.1981,-60
137.2981,-60
137.3981,-60
137.4981,-60
137.5981,-60
137.6981,-60
137.7981,-60
137.8981,-60
137.9981,-60
138.0981,-60
138.1981,-60
138.2981,-60
138.3981,-60
138.4981,-60
138.5981,-60
138.6981,-60
138.7981,-60
138.8981,-60
138.9981,-60
139.0981,-60
139.1981,-60
139.2981,-60
139.3981,-60
139.4981,-60
139.5981,-60
139.6981,-60
139.7981,-60
139.8981,-60
139.9981,-60
140.0981,-60
140.1981,-60
140.2981,-60
140.3981,-60
140.4981,-60
140.5981,-60
140.6981,-60
140.7981,-60
140.8981,-60
140.9981,-60
141.0981,-60
141.1981,-60
141.2981,-60
141.3981,-60
141.4981,-60
141.5981,-60
141.6981,-60
141.7981,-60
141.8981,-60
141.9981,-60
142.0981,-60
142.1981,-60
142.2981,-60
142.3981,-60
142.4981,-60
142.5981,-60
142.6981,-60
142.7981,-60
142.8981,-60
142.9981,-60
143.0981,-60
143.1981,-60
143.2981,-60
143.3981,-60
143.4981,-60
143.5981,-60
143.6981,-60
143.7981,-60
143.8981,-60
143.9981,-60
144.0981,-60
144.1981,-60
144.2981,-60
144.3981,-60
144.4981,-60
144.5981,-60
144.6981,-60
144.7981,-60
144.8981,-60
144.9981,-60
145.0981,-60
145.1981,-60
145.2981,-60
145.3981,-60
145.4981,-60
145.5981,-60
145.6981,-60
145.7981,-60
145.8981,-60
145.9981,-60
146.0981,-60
146.1981,-60
146.2981,-60
146.3981,-60
146.4981,-60
146.5981,-60
146.6981,-60
146.7981,-60
146.8981,-60
146.9981,-60
147.0981,-60
147.1981,-60
147.2981,-60
147.3981,-60
147.4981,-60
147.5981,-60
147.6981,-60
147.7981,-60
147.8981,-60
147.9981,-60
148.0981,-60
148.1981,-60
148.2981,-60
148.3981,-60
148.4981,-60
148.5981,-60
148.6981,-60
148.7981,-60
148.8981,-60
148.9981,-60
149.0981,-60
149.1981,-60
149.2981,-60
149.3981,-60
149.4981,-60
149.5981,-60
149.6981,-60
149.7981,-60
149.8981,-60
149.9981,-60
150.0981,-60
150.1981,-60
150.2981,-60
150.3981,-60
150.4981,-60
150.5981,-60
150.6981,-60
150.7981,-60
150.8981,-60
150.9981,-60
151.0981,-60
151.1981,-60
151.2981,-60
151.3981,-60
151.4981,-60
151.5981,-60
151.6981,-60
151.7981,-60
151.8981,-60
151.9981,-60
152.0981,-60
152.1981,-60
152.2981,-60
152.3981,-60
152.4981,-60
152.5981,-60
152.6981,-60
152.7981,-60
152.8981,-60
152.9981,-60
153.0981,-60
153.1981,-60
153.2981,-60
153.3981,-60
153.4981,-60
153.5981,-60
153.6981,-60
153.7981,-60
153.8981,-60
153.9981,-60
154.0981,-60
154.1981,-60
154.2981,-60
154.3981,-60
154.4981,-60
154.5981,-60
154.6981,-60
154.7981,-60
154.8981,-60
154.9981,-60
155.0981,-60
155.1981,-60
155.2981,-60
155.3981,-60
155.4981,-60
155.5981,-60
155.6981,-60
155.7981,-60
155.8981,-60
155.9981,-60
156.0981,-60
156.1981,-60
156.2981,-60
156.3981,-60
156.4981,-60
156.5981,-60
156.6981,-60
156.7981,-60
156.8981,-60
156.9981,-60
157.0981,-60
157.1981,-60
157.2981,-60
157.3981,-60
157.4981,-60
157.5981,-60
157.6981,-60
157.7981,-60
157.8981,-60
157.9981,-60
158.0981,-60
158.1981,-60
158.2981,-60
158.3981,-60
158.4981,-60
158.5981,-60
158.6981,-60
158.7981,-60
158.8981,-60
158.9981,-60
159.0981,-60
159.1981,-60
159.2981,-60
159.3981,-60
159.4981,-60
159.5981,-60
159.6981,-60
159.7981,-60
159.8981,-60
159.9981,-60
160.0981,-60
160.1981,-60
160.2981,-60
160.3981,-60
160.4981,-60
160.5981,-60
160.6981,-60
160.7981,-60
160.8981,-60
160.9981,-60
161.0981,-60
161.1981,-60
161.2981,-60
161.3981,-60
161.4981,-60
161.5981,-60
161.6981,-60
161.7981,-60
161.8981,-60
161.9981,-60
162.0981,-60
162.1981,-60
162.2981,-60
162.3981,-60
162.4981,-60
162.5981,-60
162.6981,-60
162.7981,-60
162.8981,-60
162.9981,-60
163.0981,-60
163.1981,-60
163.2981,-60
163.3981,-60
163.4981,-60
163.5981,-60
163.6981,-60
163.7981,-60
163.8981,-60
163.9981,-60
164.0981,-60
164.1981,-60
164.2981,-60
164.3981,-60
164.4981,-60
164.5981,-60
164.6981,-60
164.7981,-60
164.8981,-60
164.9981,-60
165.0981,-60
165.1981,-60
165.2981,-60
165.3981,-60
165.4981,-60
165.5981,-60
165.6981,-60
165.7981,-60
165.8981,-60
165.9981,-60
166.0981,-60
166.1981,-60
166.2981,-60
166.3981,-60
166.4981,-60
166.5981,-60
166.6981,-60
166.7981,-60
166.8981,-60
166.9981,-60
167.0981,-60
167.1981,-60
167.2981,-60
167.3981,-60
167.4981,-60
167.5981,-60
167.6981,-60
167.7981,-60
167.8981,-60
167.9981,-60
168.0981,-60
168.1981,-60
168.2981,-60
168.3981,-60
168.4981,-60
168.5981,-60
168.6981,-60
168.7981,-60
168.8981,-60
168.9981,-60
169.0981,-60
169.1981,-60
169.2981,-60
169.3981,-60
169.4981,-60
169.5981,-60
169.6981,-60
169.7981,-60
169.8981,-60
169.9981,-60
170.0981,-60
170.1981,-60
170.2981,-60
170.3981,-60
170.4981,-60
170.5981,-60
170.6981,-60
170.7981,-60
170.8981,-60
170.9981,-60
171.0981,-60
171.1981,-60
171.2981,-60
171.3981,-60
171.4981,-60
171.5981,-60
171.6981,-60
171.7981,-60
171.8981,-60
171.9981,-60
172.0981,-60
172.1981,-60
172.2981,-60
172.3981,-60
172.4981,-60
172.5981,-60
172.6981,-60
172.7981,-60
172.8981,-60
172.9981,-60
173.0981,-60
173.1981,-60
173.2981,-60
173.3981,-60
173.4981,-60
173.5981,-60
173.6981,-60
173.7981,-60
173.8981,-60
173.9981,-60
174.0981,-60
174.1981,-60
174.2981,-60
174.3981,-60
174.4981,-60
174.5981,-60
174.6981,-60
174.7981,-60
174.8981,-60
174.9981,-60
175.0981,-60
175.1981,-60
175.2981,-60
175.3981,-60
175.4981,-60
175.5981,-60
175.6981,-60
175.7981,-60
175.8981,-60
175.9981,-60
176.0981,-60
176.1981,-60
176.2981,-60
176.3981,-60
176.4981,-60
176.5981,-60
176.6981,-60
176.7981,-60
176.8981,-60
176.9981,-60
177.0981,-60
177.1981,-60
177.2981,-60
177.3981,-60
177.4981,-60
177.5981,-60
177.6981,-60
177.7981,-60
177.8981,-60
177.9981,-60
178.0981,-60
178.1981,-60
178.2981,-60
178.3981,-60
178.4981,-60
178.5981,-60
178.6981,-60
178.7981,-60
178.8981,-60
178.9981,-60
179.0981,-60
179.1981,-60
179.2981,-60
179.3981,-60
179.4981,-60
179.5981,-60
179.6981,-60
179.7981,-60
179.8981,-60
179.9981,-60
180.0981,-60
180.1981,-60
180.2981,-60
180.3981,-60
180.4981,-60
180.5981,-60
180.6981,-60
180.7981,-60
180.8981,-60
180.9981,-60
181.0981,-60
181.1981,-60
181.2981,-60
181.3981,-60
181.4981,-60
181.5981,-60
181.6981,-60
181.7981,-60
181.8981,-60
181.9981,-60
182.0981,-60
182.1981,-60
182.2981,-60
182.3981,-60
182.4981,-60
182.5981,-60
182.6981,-60
182.7981,-60
182.8981,-60
182.9981,-60
183.0981,-60
183.1981,-60
183.2981,-60
183.3981,-60
183.4981,-60
183.5981,-60
183.6981,-60
183.7981,-60
183.8981,-60
183.9981,-60
184.0981,-60
184.1981,-60
184.2981,-60
184.3981,-60
184.4981,-60
184.5981,-60
184.6981,-60
184.7981,-60
184.8981,-60
184.9981,-60
185.0981,-60
185.1981,-60
185.2981,-60
185.3981,-60
185.4981,-60
185.5981,-60
185.6981,-60
185.7981,-60
185.8981,-60
185.9981,-60
186.0981,-60
186.1981,-60
186.2981,-60
186.3981,-60
186.4981,-60
186.5981,-60
186.6981,-60
186.7981,-60
186.8981,-60
186.9981,-60
187.0981,-60
187.1981,-60
187.2981,-60
187.3981,-60
187.4981,-60
187.5981,-60
187.6981,-60
187.7981,-60
187.8981,-60
187.9981,-60
188.0981,-60
188.1981,-60
188.2981,-60
188.3981,-60
188.4981,-60
188.5981,-60
188.6981,-60
188.7981,-60
188.8981,-60
188.9981,-60
189.0981,-60
189.1981,-60
189.2981,-60
189.3981,-60
189.4981,-60
189.5981,-60
189.6981,-60
189.7981,-60
189.8981,-60
189.9981,-60
190.0981,-60
190.1981,-60
190.2981,-60
190.3981,-60
190.4981,-60
190.5981,-60
190.6981,-60
190.7981,-60
190.8981,-60
190.9981,-60
191.0981,-60
191.1981,-60
191.2981,-60
191.3981,-60
191.4981,-60
191.5981,-60
191.6981,-60
191.7981,-60
191.8981,-60
191.9981,-60
192.0981,-60
192.1981,-60
192.2981,-60
192.3981,-60
192.4981,-60
192.5981,-60
192.6981,-60
192.7981,-60
192.8981,-60
192.9981,-60
193.0981,-60
193.1981,-60
193.2981,-60
193.3981,-60
193.4981,-60
193.5981,-60
193.6981,-60
193.7981,-60
193.8981,-60
193.9981,-60
194.0981,-60
194.1981,-60
194.2981,-60
194.3981,-60
194.4981,-60
194.5981,-60
194.6981,-60
194.7981,-60
194.8981,-60
194.9981,-60
195.0981,-60
195.1981,-60
195.2981,-60
195.3981,-60
195.4981,-60
195.5981,-60
195.6981,-60
195.7981,-60
195.8981,-60
195.9981,-60
196.0981,-60
196.1981,-60
196.2981,-60
196.3981,-60
196.4981,-60
196.5981,-60
196.6981,-60
196.7981,-60
196.8981,-60
196.9981,-60
197.0981,-60
197.1981,-60
197.2981,-60
197.3981,-60
197.4981,-60
197.5981,-60
197.6981,-60
197.7981,-60
197.8981,-60
197.9981,-60
198.0981,-60
198.1981,-60
198.2981,-60
198.3981,-60
198.4981,-60
198.5981,-60
198.6981,-60
198.7981,-60
198.8981,-60
198.9981,-60
199.0981,-60
199.1981,-60
199.2981,-60
199.3981,-60
199.4981,-60
199.5981,-60
199.6981,-60
199.7981,-60
199.8981,-60
199.9981,-60
200.0981,-60
200.1981,-60
200.2981,-60
200.3981,-60
200.4981,-60
200.5981,-60
200.6981,-60
200.7981,-60
200.8981,-60
200.9981,-60
201.0981,-60
201.1981,-60
201.2981,-60
201.3981,-60
201.4981,-60
201.5981,-60
201.6981,-60
201.7981,-60
201.8981,-60
201.9981,-60
202.0981,-60
202.1981,-60
202.2981,-60
202.3981,-60
202.4981,-60
202.5981,-60
202.6981,-60
202.7981,-60
202.8981,-60
202.9981,-60
203.0981,-60
203.1981,-60
203.2981,-60
203.3981,-60
203.4981,-60
203.5981,-60
203.6981,-60
203.7981,-60
203.8981,-60
203.9981,-60
204.0981,-60
204.1981,-60
204.2981,-60
204.3981,-60
204.4981,-60
204.5981,-60
204.6981,-60
204.7981,-60
204.8981,-60
204.9981,-60
205.0981,-60
205.1981,-60
205.2981,-60
205.3981,-60
205.4981,-60
205.5981,-60
205.6981,-60
205.7981,-60
205.8981,-60
205.9981,-60
206.0981,-60
206.1981,-60
206.2981,-60
206.3981,-60
206.4981,-60
206.5981,-60
206.6981,-60
206.7981,-60
206.8981,-60
206.9981,-60
207.0981,-60
207.1981,-60
207.2981,-60
207.3981,-60
207.4981,-60
207.5981,-60
207.6981,-60
207.7981,-60
207.8981,-60
207.9981,-60
208.0981,-60
208.1981,-60
208.2981,-60
208.3981,-60
208.4981,-60
208.5981,-60
208.6981,-60
208.7981,-60
208.8981,-60
208.9981,-60
209.0981,-60
209.1981,-60
209.2981,-60
209.3981,-60
209.4981,-60
209.5981,-60
209.6981,-60
209.7981,-60
209.8981,-60
209.9981,-60
210.0981,-60
210.1981,-60
210.2981,-60
210.3981,-60
210.4981,-60
210.5981,-60
210.6981,-60
210.7981,-60
210.8981,-60
210.9981,-60
211.0981,-60
211.1981,-60
211.2981,-60
211.3981,-60
211.4981,-60
211.5981,-60
211.6981,-60
211.7981,-60
211.8981,-60
211.9981,-60
212.0981,-60
212.1981,-60
212.2981,-60
212.3981,-60
212.4981,-60
212.5981,-60
212.6981,-60
212.7981,-60
212.8981,-60
212.9981,-60
213.0981,-60
213.1981,-60
213.2981,-60
213.3981,-60
213.4981,-60
213.5981,-60
213.6981,-60
213.7981,-60
213.8981,-60
213.9981,-60
214.0981,-60
214.1981,-60
214.2981,-60
214.3981,-60
214.4981,-60
214.5981,-60
214.6981,-60
214.7981,-60
214.8981,-60
214.9981,-60
215.0981,-60
215.1981,-60
215.2981,-60
215.3981,-60
215.4981,-60
215.5981,-60
215.6981,-60
215.7981,-60
215.8981,-60
215.9981,-60
216.0981,-60
216.1981,-60
216.2981,-60
216.3981,-60
216.4981,-60
216.5981,-60
216.6981,-60
216.7981,-60
216.8981,-60
216.9981,-60
217.0981,-60
217.1981,-60
217.2981,-60
217.3981,-60
217.4981,-60
217.5981,-60
217.6981,-60
217.7981,-60
217.8981,-60
217.9981,-60
218.0981,-60
218.1981,-60
218.2981,-60
218.3981,-60
218.4981,-60
218.5981,-60
218.6981,-60
218.7981,-60
218.8981,-60
218.9981,-60
219.0981,-60
219.1981,-60
219.2981,-60
219.3981,-60
219.4981,-60
219.5981,-60
219.6981,-60
219.7981,-60
219.8981,-60
219.9981,-60
220.0981,-60
220.1981,-60
220.2981,-60
220.3981,-60
220.4981,-60
220.5981,-60
220.6981,-60
220.7981,-60
220.8981,-60
220.9981,-60
221.0981,-60
221.1981,-60
221.2981,-60
221.3981,-60
221.4981,-60
221.5981,-60
221.6981,-60
221.7981,-60
221.8981,-60
221.9981,-60
222.0981,-60
222.1981,-60
222.2981,-60
222.3981,-60
222.4981,-60
222.5981,-60
222.6981,-60
222.7981,-60
222.8981,-60
222.9981,-60
223.0981,-60
223.1981,-60
223.2981,-60
223.3981,-60
223.4981,-60
223.5981,-60
223.6981,-60
223.7981,-60
223.8981,-60
223.9981,-60
224.0981,-60
224.1981,-60
224.2981,-60
224.3981,-60
224.4981,-60
224.5981,-60
224.6981,-60
224.7981,-60
224.8981,-60
224.9981,-60
225.0981,-60
225.1981,-60
225.2981,-60
225.3981,-60
225.4981,-60
225.5981,-60
225.6981,-60
225.7981,-60
225.8981,-60
225.9981,-60
226.0981,-60
226.1981,-60
226.2981,-60
226.3981,-60
226.4981,-60
226.5981,-60
226.6981,-60
226.7981,-60
226.8981,-60
226.9981,-60
227.0981,-60
227.1981,-60
227.2981,-60
227.3981,-60
227.4981,-60
227.5981,-60
227.6981,-60
227.7981,-60
227.8981,-60
227.9981,-60
228.0981,-60
228.1981,-60
228.2981,-60
228.3981,-60
228.4981,-60
228.5981,-60
228.6981,-60
228.7981,-60
228.8981,-60
228.9981,-60
229.0981,-60
229.1981,-60
229.2981,-60
229.3981,-60
229.4981,-60
229.5981,-60
229.6981,-60
229.7981,-60
229.8981,-60
229.9981,-60
230.0981,-60
230.1981,-60
230.2981,-60
230.3981,-60
230.4981,-60
230.5981,-60
230.6981,-60
230.7981,-60
230.8981,-60
230.9981,-60
231.0981,-60
231.1981,-60
231.2981,-60
231.3981,-60
231.4981,-60
231.5981,-60
231.6981,-60
231.7981,-60
231.8981,-60
231.9981,-60
232.0981,-60
232.1981,-60
232.2981,-60
232.3981,-60
232.4981,-60
232.5981,-60
232.6981,-60
232.7981,-60
232.8981,-60
232.9981,-60
233.0981,-60
233.1981,-60
233.2981,-60
233.3981,-60
233.4981,-60
233.5981,-60
233.6981,-60
233.7981,-60
233.8981,-60
233.9981,-60
234.0981,-60
234.1981,-60
234.2981,-60
234.3981,-60
234.4981,-60
234.5981,-60
234.6981,-60
234.7981,-60
234.8981,-60
234.9981,-60
235.0981,-60
235.1981,-60
235.2981,-60
235.3981,-60
235.4981,-60
235.5981,-60
235.6981,-60
235.7981,-60
235.8981,-60
235.9981,-60
236.0981,-60
236.1981,-60
236.2981,-60
236.3981,-60
236.4981,-60
236.5981,-60
236.6981,-60
236.7981,-60
236.8981,-60
236.9981,-60
237.0981,-60
237.1981,-60
237.2981,-60
237.3981,-60
237.4981,-60
237.5981,-60
237.6981,-60
237.7981,-60
237.8981,-60
237.9981,-60
238.0981,-60
238.1981,-60
238.2981,-60
238.3981,-60
238.4981,-60
238.5981,-60
238.6981,-60
238.7981,-60
238.8981,-60
238.9981,-60
239.0981,-60
239.1981,-60
239.2981,-60
239.3981,-60
239.4981,-60
239.5981,-60
239.6981,-60
239.7981,-60
239.8981,-60
239.9981,-60
240.0981,-60
240.1981,-60
240.2981,-60
240.3981,-60
240.4981,-60
240.5981,-60
240.6981,-60
240.7981,-60
240.8981,-60
240.9981,-60
241.0981,-60
241.1981,-60
241.2981,-60
241.3981,-60
241.4981,-60
241.5981,-60
241.6981,-60
241.7981,-60
241.8981,-60
241.9981,-60
242.0981,-60
242.1981,-60
242.2981,-60
242.3981,-60
242.4981,-60
242.5981,-60
242.6981,-60
242.7981,-60
242.8981,-60
242.9981,-60
243.0981,-60
243.1981,-60
243.2981,-60
243.3981,-60
243.4981,-60
243.5981,-60
243.6981,-60
243.7981,-60
243.8981,-60
243.9981,-60
244.0981,-60
244.1981,-60
244.2981,-60
244.3981,-60
244.4981,-60
244.5981,-60
244.6981,-60
244.7981,-60
244.8981,-60
244.9981,-60
245.0981,-60
245.1981,-60
245.2981,-60
245.3981,-60
245.4981,-60
245.5981,-60
245.6981,-60
245.7981,-60
245.8981,-60
245.9981,-60
246.0981,-60
246.1981,-60
246.2981,-60
246.3981,-60
246.4981,-60
246.5981,-60
246.6981,-60
246.7981,-60
246.8981,-60
246.9981,-60
247.0981,-60
247.1981,-60
247.2981,-60
247.3981,-60
247.4981,-60
247.5981,-60
247.6981,-60
247.7981,-60
247.8981,-60
247.9981,-60
248.0981,-60
248.1981,-60
248.2981,-60
248.3981,-60
248.4981,-60
248.5981,-60
248.6981,-60
248.7981,-60
248.8981,-60
248.9981,-60
249.0981,-60
249.1981,-60
249.2981,-60
249.3981,-60
249.4981,-60
249.5981,-60
249.6981,-60
249.7981,-60
249.8981,-60
249.9981,-60
250.0981,-60
250.1981,-60
250.2981,-60
250.3981,-60
250.4981,-60
250.5981,-60
250.6981,-60
250.7981,-60
250.8981,-60
250.9981,-60
251.0981,-60
251.1981,-60
251.2981,-60
251.3981,-60
251.4981,-60
251.5981,-60
251.6981,-60
251.7981,-60
251.8981,-60
251.9981,-60
252.0981,-60
252.1981,-60
252.2981,-60
252.3981,-60
252.4981,-60
252.5981,-60
252.6981,-60
252.7981,-60
252.8981,-60
252.9981,-60
253.0981,-60
253.1981,-60
253.2981,-60
253.3981,-60
253.4981,-60
253.5981,-60
253.6981,-60
253.7981,-60
253.8981,-60
253.9981,-60
254.0981,-60
254.1981,-60
254.2981,-60
254.3981,-60
254.4981,-60
254.5981,-60
254.6981,-60
254.7981,-60
254.8981,-60
254.9981,-60
255.0981,-60
255.1981,-60
255.2981,-60
255.3981,-60
255.4981,-60
255.5981,-60
255.6981,-60
255.7981,-60
255.8981,-60
255.9981,-60
256.0981,-60
256.1981,-60
256.2981,-60
256.3981,-60
256.4981,-60
256.5981,-60
256.6981,-60
256.7981,-60
256.8981,-60
256.9981,-60
257.0981,-60
257.1981,-60
257.2981,-60
257.3981,-60
257.4981,-60
257.5981,-60
257.6981,-60
257.7981,-60
257.8981,-60
257.9981,-60
258.0981,-60
258.1981,-60
258.2981,-60
258.3981,-60
258.4981,-60
258.5981,-60
258.6981,-60
258.7981,-60
258.8981,-60
258.9981,-60
259.0981,-60
259.1981,-60
259.2981,-60
259.3981,-60
259.4981,-60
259.5981,-60
259.6981,-60
259.7981,-60
259.8981,-60
259.9981,-60
260.0981,-60
260.1981,-60
260.2981,-60
260.3981,-60
260.4981,-60
260.5981,-60
260.6981,-60
260.7981,-60
260.8981,-60
260.9981,-60
261.0981,-60
261.1981,-60
261.2981,-60
261.3981,-60
261.4981,-60
261.5981,-60
261.6981,-60
261.7981,-60
261.8981,-60
261.9981,-60
262.0981,-60
262.1981,-60
262.2981,-60
262.3981,-60
262.4981,-60
262.5981,-60
262.6981,-60
262.7981,-60
262.8981,-60
262.9981,-60
263.0981,-60
263.1981,-60
263.2981,-60
263.3981,-60
263.4981,-60
263.5981,-60
263.6981,-60
263.7981,-60
263.8981,-60
263.9981,-60
264.0981,-60
264.1981,-60
264.2981,-60
264.3981,-60
264.4981,-60
264.5981,-60
264.6981,-60
264.7981,-60
264.8981,-60
264.9981,-60
265.0981,-60
265.1981,-60
265.2981,-60
265.3981,-60
265.4981,-60
265.5981,-60
265.6981,-60
265.7981,-60
265.8981,-60
265.9981,-60
266.0981,-60
266.1981,-60
266.2981,-60
266.3981,-60
266.4981,-60
266.5981,-60
266.6981,-60
266.7981,-60
266.8981,-60
266.9981,-60
267.0981,-60
267.1981,-60
267.2981,-60
267.3981,-60
267.4981,-60
267.5981,-60
267.6981,-60
267.7981,-60
267.8981,-60
267.9981,-60
268.0981,-60
268.1981,-60
268.2981,-60
268.3981,-60
268.4981,-60
268.5981,-60
268.6981,-60
268.7981,-60
268.8981,-60
268.9981,-60
269.0981,-60
269.1981,-60
269.2981,-60
269.3981,-60
269.4981,-60
269.5981,-60
269.6981,-60
269.7981,-60
269.8981,-60
269.9981,-60
270.0981,-60
270.1981,-60
270.2981,-60
270.3981,-60
270.4981,-60
270.5981,-60
270.6981,-60
270.7981,-60
270.8981,-60
270.9981,-60
271.0981,-60
271.1981,-60
271.2981,-60
271.3981,-60
271.4981,-60
271.5981,-60
271.6981,-60
271.7981,-60
271.8981,-60
271.9981,-60
272.0981,-60
272.1981,-60
272.2981,-60
272.3981,-60
272.4981,-60
272.5981,-60
272.6981,-60
272.7981,-60
272.8981,-60
272.9981,-60
273.0981,-60
273.1981,-60
273.2981,-60
273.3981,-60
273.4981,-60
273.5981,-60
273.6981,-60
273.7981,-60
273.8981,-60
273.9981,-60
274.0981,-60
274.1981,-60
274.2981,-60
274.3981,-60
274.4981,-60
274.5981,-60
274.6981,-60
274.7981,-60
274.8981,-60
274.9981,-60
275.0981,-60
275.1981,-60
275.2981,-60
275.3981,-60
275.4981,-60
275.5981,-60
275.6981,-60
275.7981,-60
275.8981,-60
275.9981,-60
276.0981,-60
276.1981,-60
276.2981,-60
276.3981,-60
276.4981,-60
276.5981,-60
276.6981,-60
276.7981,-60
276.8981,-60
276.9981,-60
277.0981,-60
277.1981,-60
277.2981,-60
277.3981,-60
277.4981,-60
277.5981,-60
277.6981,-60
277.7981,-60
277.8981,-60
277.9981,-60
278.0981,-60
278.1981,-60
278.2981,-60
278.3981,-60
278.4981,-60
278.5981,-60
278.6981,-60
278.7981,-60
278.8981,-60
278.9981,-60
279.0981,-60
279.1981,-60
279.2981,-60
279.3981,-60
279.4981,-60
279.5981,-60
279.6981,-60
279.7981,-60
279.8981,-60
279.9981,-60
280.0981,-60
280.1981,-60
280.2981,-60
280.3981,-60
280.4981,-60
280.5981,-60
280.6981,-60
280.7981,-60
280.8981,-60
280.9981,-60
281.0981,-60
281.1981,-60
281.2981,-60
281.3981,-60
281.4981,-60
281.5981,-60
281.6981,-60
281.7981,-60
281.8981,-60
281.9981,-60
282.0981,-60
282.1981,-60
282.2981,-60
282.3981,-60
282.4981,-60
282.5981,-60
282.6981,-60
282.7981,-60
282.8981,-60
282.9981,-60
283.0981,-60
283.1981,-60
283.2981,-60
283.3981,-60
283.4981,-60
283.5981,-60
283.6981,-60
283.7981,-60
283.8981,-60
283.9981,-60
284.0981,-60
284.1981,-60
284.2981,-60
284.3981,-60
284.4981,-60
284.5981,-60
284.6981,-60
284.7981,-60
284.8981,-60
284.9981,-60
285.0981,-60
285.1981,-60
285.2981,-60
285.3981,-60
285.4981,-60
285.5981,-60
285.6981,-60
285.7981,-60
285.8981,-60
285.9981,-60
286.0981,-60
286.1981,-60
286.2981,-60
286.3981,-60
286.4981,-60
286.5981,-60
286.6981,-60
286.7981,-60
286.8981,-60
286.9981,-60
287.0981,-60
287.1981,-60
287.2981,-60
287.3981,-60
287.4981,-60
287.5981,-60
287.6981,-60
287.7981,-60
287.8981,-60
287.9981,-60
288.0981,-60
288.1981,-60
288.2981,-60
288.3981,-60
288.4981,-60
288.5981,-60
288.6981,-60
288.7981,-60
288.8981,-60
288.9981,-60
289.0981,-60
289.1981,-60
289.2981,-60
289.3981,-60
289.4981,-60
289.5981,-60
289.6981,-60
289.7981,-60
289.8981,-60
289.9981,-60
290.0981,-60
290.1981,-60
290.2981,-60
290.3981,-60
290.4981,-60
290.5981,-60
290.6981,-60
290.7981,-60
290.8981,-60
290.9981,-60
291.0981,-60
291.1981,-60
291.2981,-60
291.3981,-60
291.4981,-60
291.5981,-60
291.6981,-60
291.7981,-60
291.8981,-60
291.9981,-60
292.0981,-60
292.1981,-60
292.2981,-60
292.3981,-60
292.4981,-60
292.5981,-60
292.6981,-60
292.7981,-60
292.8981,-60
292.9981,-60
293.0981,-60
293.1981,-60
293.2981,-60
293.3981,-60
293.4981,-60
293.5981,-60
293.6981,-60
293.7981,-60
293.8981,-60
293.9981,-60
294.0981,-60
294.1981,-60
294.2981,-60
294.3981,-60
294.4981,-60
294.5981,-60
294.6981,-60
294.7981,-60
294.8981,-60
294.9981,-60
295.0981,-60
295.1981,-60
295.2981,-60
295.3981,-60
295.4981,-60
295.5981,-60
295.6981,-60
295.7981,-60
295.8981,-60
295.9981,-60
296.0981,-60
296.1981,-60
296.2981,-60
296.3981,-60
296.4981,-60
296.5981,-60
296.6981,-60
296.7981,-60
296.8981,-60
296.9981,-60
297.0981,-60
297.1981,-60
297.2981,-60
297.3981,-60
297.4981,-60
297.5981,-60
297.6981,-60
297.7981,-60
297.8981,-60
297.9981,-60
298.0981,-60
298.1981,-60
298.2981,-60
298.3981,-60
298.4981,-60
298.5981,-60
298.6981,-60
298.7981,-60
298.8981,-60
298.9981,-60
299.8981,-60
299.9981,-60
300.0981,-60
300.1981,-60
300.2981,-60
300.3981,-60
300.4981,-60
300.5981,-60
300.6981,-60
300.7981,-60
300.8981,-60
300.9981,-60
301.0981,-60
301.1981,-60
301.2981,-60
301.3981,-60
301.4981,-60
301.5981,-60
301.6981,-60
301.7981,-60
301.8981,-60
301.9981,-60
302.0981,-60
302.1981,-60
302.2981,-60
302.3981,-60
302.4981,-60
302.5981,-60
302.6981,-60
302.7981,-60
302.8981,-60
302.9981,-60
303.0981,-60
303.1981,-60
303.2981,-60
303.3981,-60
303.4981,-60
303.5981,-60
303.6981,-60
303.7981,-60
303.8981,-60
303.9981,-60
304.0981,-60
304.1981,-60
304.2981,-60
304.3981,-60
304.4981,-60
304.5981,-60
304.6981,-60
304.7981,-60
304.8981,-60
304.9981,-60
305.0981,-60
305.1981,-60
305.2981,-60
305.3981,-60
305.4981,-60
305.5981,-60
305.6981,-60
305.7981,-60
305.8981,-60
305.9981,-60
306.0981,-60
306.1981,-60
306.2981,-60
306.3981,-60
306.4981,-60
306.5981,-60
306.6981,-60
306.7981,-60
306.8981,-60
306.9981,-60
307.0981,-60
307.1981,-60
307.2981,-60
307.3981,-60
307.4981,-60
307.5981,-60
307.6981,-60
307.7981,-60
307.8981,-60
307.9981,-60
308.0981,-60
308.1981,-60
308.2981,-60
308.3981,-60
308.4981,-60
308.5981,-60
308.6981,-60
308.7981,-60
308.8981,-60
308.9981,-60
309.0981,-60
309.1981,-60
309.2981,-60
309.3981,-60
309.4981,-60
309.5981,-60
309.6981,-60
309.7981,-60
309.8981,-60
309.9981,-60
310.0981,-60
310.1981,-60
310.2981,-60
310.3981,-60
310.4981,-60
310.5981,-60
310.6981,-60
310.7981,-60
310.8981,-60
310.9981,-60
311.0981,-60
311.1981,-60
311.2981,-60
311.3981,-60
311.4981,-60
311.5981,-60
311.6981,-60
311.7981,-60
311.8981,-60
311.9981,-60
312.0981,-60
312.1981,-60
312.2981,-60
312.3981,-60
312.4981,-60
312.5981,-60
312.6981,-60
312.7981,-60
312.8981,-60
312.9981,-60
313.0981,-60
313.1981,-60
313.2981,-60
313.3981,-60
313.4981,-60
313.5981,-60
313.6981,-60
313.7981,-60
313.8981,-60
313.9981,-60
314.0981,-60
314.1981,-60
314.2981,-60
314.3981,-60
314.4981,-60
314.5981,-60
314.6981,-60
314.7981,-60
314.8981,-60
314.9981,-60
315.0981,-60
315.1981,-60
315.2981,-60
315.3981,-60
315.4981,-60
315.5981,-60
315.6981,-60
315.7981,-60
315.8981,-60
315.9981,-60
316.0981,-60
316.1981,-60
316.2981,-60
316.3981,-60
316.4981,-60
316.5981,-60
316.6981,-60
316.7981,-60
316.8981,-60
316.9981,-60
317.0981,-60
317.1981,-60
317.2981,-60
317.3981,-60
317.4981,-60
317.5981,-60
317.6981,-60
317.7981,-60
317.8981,-60
317.9981,-60
318.0981,-60
318.1981,-60
318.2981,-60
318.3981,-60
318.4981,-60
318.5981,-60
318.6981,-60
318.7981,-60
318.8981,-60
318.9981,-60
319.0981,-60
319.1981,-60
319.2981,-60
319.3981,-60
319.4981,-60
319.5981,-60
319.6981,-60
319.7981,-60
319.8981,-60
319.9981,-60
320.0981,-60
320.1981,-60
320.2981,-60
320.3981,-60
320.4981,-60
320.5981,-60
320.6981,-60
320.7981,-60
320.8981,-60
320.9981,-60
321.0981,-60
321.1981,-60
321.2981,-60
321.3981,-60
321.4981,-60
321.5981,-60
321.6981,-60
321.7981,-60
321.8981,-60
321.9981,-60
322.0981,-60
322.1981,-60
322.2981,-60
322.3981,-60
322.4981,-60
322.5981,-60
322.6981,-60
322.7981,-60
322.8981,-60
322.9981,-60
323.0981,-60
323.1981,-60
323.2981,-60
323.3981,-60
323.4981,-60
323.5981,-60
323.6981,-60
323.7981,-60
323.8981,-60
323.9981,-60
324.0981,-60
324.1981,-60
324.2981,-60
324.3981,-60
324.4981,-60
324.5981,-60
324.6981,-60
324.7981,-60
324.8981,-60
324.9981,-60
325.0981,-60
325.1981,-60
325.2981,-60
325.3981,-60
325.4981,-60
325.5981,-60
325.6981,-60
325.7981,-60
325.8981,-60
325.9981,-60
326.0981,-60
326.1981,-60
326.2981,-60
326.3981,-60
326.4981,-60
326.5981,-60
326.6981,-60
326.7981,-60
326.8981,-60
326.9981,-60
327.0981,-60
327.1981,-60
327.2981,-60
327.3981,-60
327.4981,-60
327.5981,-60
327.6981,-60
327.7981,-60
327.8981,-60
327.9981,-60
328.0981,-60
328.1981,-60
328.2981,-60
328.3981,-60
328.4981,-60
328.5981,-60
328.6981,-60
328.7981,-60
328.8981,-60
328.9981,-60
329.0981,-60
329.1981,-60
329.2981,-60
329.3981,-60
329.4981,-60
329.5981,-60
329.6981,-60
329.7981,-60
329.8981,-60
329.9981,-60
330.0981,-60
330.1981,-60
330.2981,-60
330.3981,-60
330.4981,-60
330.5981,-60
330.6981,-60
330.7981,-60
330.8981,-60
330.9981,-60
331.0981,-60
331.1981,-60
331.2981,-60
331.3981,-60
331.4981,-60
331.5981,-60
331.6981,-60
331.7981,-60
331.8981,-60
331.9981,-60
332.0981,-60
332.1981,-60
332.2981,-60
332.3981,-60
332.4981,-60
332.5981,-60
332.6981,-60
332.7981,-60
332.8981,-60
332.9981,-60
333.0981,-60
333.1981,-60
333.2981,-60
333.3981,-60
333.4981,-60
333.5981,-60
333.6981,-60
333.7981,-60
333.8981,-60
333.9981,-60
334.0981,-60
334.1981,-60
334.2981,-60
334.3981,-60
334.4981,-60
334.5981,-60
334.6981,-60
334.7981,-60
334.8981,-60
334.9981,-60
335.0981,-60
335.1981,-60
335.2981,-60
335.3981,-60
335.4981,-60
335.5981,-60
335.6981,-60
335.7981,-60
335.8981,-60
335.9981,-60
336.0981,-60
336.1981,-60
336.2981,-60
336.3981,-60
336.4981,-60
336.5981,-60
336.6981,-60
336.7981,-60
336.8981,-60
336.9981,-60
337.0981,-60
337.1981,-60
337.2981,-60
337.3981,-60
337.4981,-60
337.5981,-60
337.6981,-60
337.7981,-60
337.8981,-60
337.9981,-60
338.0981,-60
338.1981,-60
338.2981,-60
338.3981,-60
338.4981,-60
338.5981,-60
338.6981,-60
338.7981,-60
338.8981,-60
338.9981,-60
339.0981,-60
339.1981,-60
339.2981,-60
339.3981,-60
339.4981,-60
339.5981,-60
339.6981,-60
339.7981,-60
339.8981,-60
339.9981,-60
340.0981,-60
340.1981,-60
340.2981,-60
340.3981,-60
340.4981,-60
340.5981,-60
340.6981,-60
340.7981,-60
340.8981,-60
340.9981,-60
341.0981,-60
341.1981,-60
341.2981,-60
341.3981,-60
341.4981,-60
341.5981,-60
341.6981,-60
341.7981,-60
341.8981,-60
341.9981,-60
342.0981,-60
342.1981,-60
342.2981,-60
342.3981,-60
342.4981,-60
342.5981,-60
342.6981,-60
342.7981,-60
342.8981,-60
342.9981,-60
343.0981,-60
343.1981,-60
343.2981,-60
343.3981,-60
343.4981,-60
343.5981,-60
343.6981,-60
343.7981,-60
343.8981,-60
343.9981,-60
344.0981,-60
344.1981,-60
344.2981,-60
344.3981,-60
344.4981,-60
344.5981,-60
344.6981,-60
344.7981,-60
344.8981,-60
344.9981,-60
345.0981,-60
345.1981,-60
345.2981,-60
345.3981,-60
345.4981,-60
345.5981,-60
345.6981,-60
345.7981,-60
345.8981,-60
345.9981,-60
346.0981,-60
346.1981,-60
346.2981,-60
346.3981,-60
346.4981,-60
346.5981,-60
346.6981,-60
346.7981,-60
346.8981,-60
346.9981,-60
347.0981,-60
347.1981,-60
347.2981,-60
347.3981,-60
347.4981,-60
347.5981,-60
347.6981,-60
347.7981,-60
347.8981,-60
347.9981,-60
348.0981,-60
348.1981,-60
348.2981,-60
348.3981,-60
348.4981,-60
348.5981,-60
348.6981,-60
348.7981,-60
348.8981,-60
348.9981,-60
349.0981,-60
349.1981,-60
349.2981,-60
349.3981,-60
349.4981,-60
349.5981,-60
349.6981,-60
349.7981,-60
349.8981,-60
349.9981,-60
350.0981,-60
350.1981,-60
350.2981,-60
350.3981,-60
350.4981,-60
350.5981,-60
350.6981,-60
350.7981,-60
350.8981,-60
350.9981,-60
351.0981,-60
351.1981,-60
351.2981,-60
351.3981,-60
351.4981,-60
351.5981,-60
351.6981,-60
351.7981,-60
351.8981,-60
351.9981,-60
352.0981,-60
352.1981,-60
352.2981,-60
352.3981,-60
352.4981,-60
352.5981,-60
352.6981,-60
352.7981,-60
352.8981,-60
352.9981,-60
353.0981,-60
353.1981,-60
353.2981,-60
353.3981,-60
353.4981,-60
353.5981,-60
353.6981,-60
353.7981,-60
353.8981,-60
353.9981,-60
354.0981,-60
354.1981,-60
354.2981,-60
354.3981,-60
354.4981,-60
354.5981,-60
354.6981,-60
354.7981,-60
354.8981,-60
354.9981,-60
355.0981,-60
355.1981,-60
355.2981,-60
355.3981,-60
355.4981,-60
355.5981,-60
355.6981,-60
355.7981,-60
355.8981,-60
355.9981,-60
356.0981,-60
356.1981,-60
356.2981,-60
356.3981,-60
356.4981,-60
356.5981,-60
356.6981,-60
356.7981,-60
356.8981,-60
356.9981,-60
357.0981,-60
357.1981,-60
357.2981,-60
357.3981,-60
357.4981,-60
357.5981,-60
357.6981,-60
357.7981,-60
357.8981,-60
357.9981,-60
358.0981,-60
358.1981,-60
358.2981,-60
358.3981,-60
358.4981,-60
358.5981,-60
358.6981,-60
358.7981,-60
358.8981,-60
358.9981,-60
359.0981,-60
359.1981,-60
359.2981,-60
359.3981,-60
359.4981,-60
359.5981,-60
359.6981,-60
359.7981,-60
359.8981,-60
359.9981,-60
360.0981,-60
360.1981,-60
360.2981,-60
360.3981,-60
360.4981,-60
360.5981,-60
360.6981,-60
360.7981,-60
360.8981,-60
360.9981,-60
361.0981,-60
361.1981,-60
361.2981,-60
361.3981,-60
361.4981,-60
361.5981,-60
361.6981,-60
361.7981,-60
361.8981,-60
361.9981,-60
362.0981,-60
362.1981,-60
362.2981,-60
362.3981,-60
362.4981,-60
362.5981,-60
362.6981,-60
362.7981,-60
362.8981,-60
362.9981,-60
363.0981,-60
363.1981,-60
363.2981,-60
363.3981,-60
363.4981,-60
363.5981,-60
363.6981,-60
363.7981,-60
363.8981,-60
363.9981,-60
364.0981,-60
364.1981,-60
364.2981,-60
364.3981,-60
364.4981,-60
364.5981,-60
364.6981,-60
364.7981,-60
364.8981,-60
364.9981,-60
365.0981,-60
365.1981,-60
365.2981,-60
365.3981,-60
365.4981,-60
365.5981,-60
365.6981,-60
365.7981,-60
365.8981,-60
365.9981,-60
366.0981,-60
366.1981,-60
366.2981,-60
366.3981,-60
366.4981,-60
366.5981,-60
366.6981,-60
366.7981,-60
366.8981,-60
366.9981,-60
367.0981,-60
367.1981,-60
367.2981,-60
367.3981,-60
367.4981,-60
367.5981,-60
367.6981,-60
367.7981,-60
367.8981,-60
367.9981,-60
368.0981,-60
368.1981,-60
368.2981,-60
368.3981,-60
368.4981,-60
368.5981,-60
368.6981,-60
368.7981,-60
368.8981,-60
368.9981,-60
369.0981,-60
369.1981,-60
369.2981,-60
369.3981,-60
369.4981,-60
369.5981,-60
369.6981,-60
369.7981,-60
369.8981,-60
369.9981,-60
370.0981,-60
370.1981,-60
370.2981,-60
370.3981,-60
370.4981,-60
370.5981,-60
370.6981,-60
370.7981,-60
370.8981,-60
370.9981,-60
371.0981,-60
371.1981,-60
371.2981,-60
371.3981,-60
371.4981,-60
371.5981,-60
371.6981,-60
371.7981,-60
371.8981,-60
371.9981,-60
372.0981,-60
372.1981,-60
372.2981,-60
372.3981,-60
372.4981,-60
372.5981,-60
372.6981,-60
372.7981,-60
372.8981,-60
372.9981,-60
373.0981,-60
373.1981,-60
373.2981,-60
373.3981,-60
373.4981,-60
373.5981,-60
373.6981,-60
373.7981,-60
373.8981,-60
373.9981,-60
374.0981,-60
374.1981,-60
374.2981,-60
374.3981,-60
374.4981,-60
374.5981,-60
374.6981,-60
374.7981,-60
374.8981,-60
374.9981,-60
375.0981,-60
375.1981,-60
375.2981,-60
375.3981,-60
375.4981,-60
375.5981,-60
375.6981,-60
375.7981,-60
375.8981,-60
375.9981,-60
376.0981,-60
376.1981,-60
376.2981,-60
376.3981,-60
376.4981,-60
376.5981,-60
376.6981,-60
376.7981,-60
376.8981,-60
376.9981,-60
377.0981,-60
377.1981,-60
377.2981,-60
377.3981,-60
377.4981,-60
377.5981,-60
377.6981,-60
377.7981,-60
377.8981,-60
377.9981,-60
378.0981,-60
378.1981,-60
378.2981,-60
378.3981,-60
378.4981,-60
378.5981,-60
378.6981,-60
378.7981,-60
378.8981,-60
378.9981,-60
379.0981,-60
379.1981,-60
379.2981,-60
379.3981,-60
379.4981,-60
379.5981,-60
379.6981,-60
379.7981,-60
379.8981,-60
379.9981,-60
380.0981,-60
380.1981,-60
380.2981,-60
380.3981,-60
380.4981,-60
380.5981,-60
380.6981,-60
380.7981,-60
380.8981,-60
380.9981,-60
381.0981,-60
381.1981,-60
381.2981,-60
381.3981,-60
381.4981,-60
381.5981,-60
381.6981,-60
381.7981,-60
381.8981,-60
381.9981,-60
382.0981,-60
382.1981,-60
382.2981,-60
382.3981,-60
382.4981,-60
382.5981,-60
382.6981,-60
382.7981,-60
382.8981,-60
382.9981,-60
383.0981,-60
383.1981,-60
383.2981,-60
383.3981,-60
383.4981,-60
383.5981,-60
383.6981,-60
383.7981,-60
383.8981,-60
383.9981,-60
384.0981,-60
384.1981,-60
384.2981,-60
384.3981,-60
384.4981,-60
384.5981,-60
384.6981,-60
384.7981,-60
384.8981,-60
384.9981,-60
385.0981,-60
385.1981,-60
385.2981,-60
385.3981,-60
385.4981,-60
385.5981,-60
385.6981,-60
385.7981,-60
385.8981,-60
385.9981,-60
386.0981,-60
386.1981,-60
386.2981,-60
386.3981,-60
386.4981,-60
386.5981,-60
386.6981,-60
386.7981,-60
386.8981,-60
386.9981,-60
387.0981,-60
387.1981,-60
387.2981,-60
387.3981,-60
387.4981,-60
387.5981,-60
387.6981,-60
387.7981,-60
387.8981,-60
387.9981,-60
388.0981,-60
388.1981,-60
388.2981,-60
388.3981,-60
388.4981,-60
388.5981,-60
388.6981,-60
388.7981,-60
388.8981,-60
388.9981,-60
389.0981,-60
389.1981,-60
389.2981,-60
389.3981,-60
389.4981,-60
389.5981,-60
389.6981,-60
389.7981,-60
389.8981,-60
389.9981,-60
390.0981,-60
390.1981,-60
390.2981,-60
390.3981,-60
390.4981,-60
390.5981,-60
390.6981,-60
390.7981,-60
390.8981,-60
390.9981,-60
391.0981,-60
391.1981,-60
391.2981,-60
391.3981,-60
391.4981,-60
391.5981,-60
391.6981,-60
391.7981,-60
391.8981,-60
391.9981,-60
392.0981,-60
392.1981,-60
392.2981,-60
392.3981,-60
392.4981,-60
392.5981,-60
392.6981,-60
392.7981,-60
392.8981,-60
392.9981,-60
393.0981,-60
393.1981,-60
393.2981,-60
393.3981,-60
393.4981,-60
393.5981,-60
393.6981,-60
393.7981,-60
393.8981,-60
393.9981,-60
394.0981,-60
394.1981,-60
394.2981,-60
394.3981,-60
394.4981,-60
394.5981,-60
394.6981,-60
394.7981,-60
394.8981,-60
394.9981,-60
395.0981,-60
395.1981,-60
395.2981,-60
395.3981,-60
395.4981,-60
395.5981,-60
395.6981,-60
395.7981,-60
395.8981,-60
395.9981,-60
396.0981,-60
396.1981,-60
396.2981,-60
396.3981,-60
396.4981,-60
396.5981,-60
396.6981,-60
396.7981,-60
396.8981,-60
396.9981,-60
397.0981,-60
397.1981,-60
397.2981,-60
397.3981,-60
397.4981,-60
397.5981,-60
397.6981,-60
397.7981,-60
397.8981,-60
397.9981,-60
398.0981,-60
398.1981,-60
398.2981,-60
398.3981,-60
398.4981,-60
398.5981,-60
398.6981,-60
398.7981,-60
398.8981,-60
398.9981,-60
399.0981,-60
399.1981,-60
399.2981,-60
399.3981,-60
399.4981,-60
399.5981,-60
399.6981,-60
399.7981,-60
399.8981,-60
399.9981,-60
400.0981,-60
400.1981,-60
400.2981,-60
400.3981,-60
400.4981,-60
400.5981,-60
400.6981,-60
400.7981,-60
400.8981,-60
400.9981,-60
401.0981,-60
401.1981,-60
401.2981,-60
401.3981,-60
401.4981,-60
401.5981,-60
401.6981,-60
401.7981,-60
401.8981,-60
401.9981,-60
402.0981,-60
402.1981,-60
402.2981,-60
402.3981,-60
402.4981,-60
402.5981,-60
402.6981,-60
402.7981,-60
402.8981,-60
402.9981,-60
403.0981,-60
403.1981,-60
403.2981,-60
403.3981,-60
403.4981,-60
403.5981,-60
403.6981,-60
403.7981,-60
403.8981,-60
403.9981,-60
404.0981,-60
404.1981,-60
404.2981,-60
404.3981,-60
404.4981,-60
404.5981,-60
404.6981,-60
404.7981,-60
404.8981,-60
404.9981,-60
405.0981,-60
405.1981,-60
405.2981,-60
405.3981,-60
405.4981,-60
405.5981,-60
405.6981,-60
405.7981,-60
405.8981,-60
405.9981,-60
406.0981,-60
406.1981,-60
406.2981,-60
406.3981,-60
406.4981,-60
406.5981,-60
406.6981,-60
406.7981,-60
406.8981,-60
406.9981,-60
407.0981,-60
407.1981,-60
407.2981,-60
407.3981,-60
407.4981,-60
407.5981,-60
407.6981,-60
407.7981,-60
407.8981,-60
407.9981,-60
408.0981,-60
408.1981,-60
408.2981,-60
408.3981,-60
408.4981,-60
408.5981,-60
408.6981,-60
408.7981,-60
408.8981,-60
408.9981,-60
409.0981,-60
409.1981,-60
409.2981,-60
409.3981,-60
409.4981,-60
409.5981,-60
409.6981,-60
409.7981,-60
409.8981,-60
409.9981,-60
410.0981,-60
410.1981,-60
410.2981,-60
410.3981,-60
410.4981,-60
410.5981,-60
410.6981,-60
410.7981,-60
410.8981,-60
410.9981,-60
411.0981,-60
411.1981,-60
411.2981,-60
411.3981,-60
411.4981,-60
411.5981,-60
411.6981,-60
411.7981,-60
411.8981,-60
411.9981,-60
412.0981,-60
412.1981,-60
412.2981,-60
412.3981,-60
412.4981,-60
412.5981,-60
412.6981,-60
412.7981,-60
412.8981,-60
412.9981,-60
413.0981,-60
413.1981,-60
413.2981,-60
413.3981,-60
413.4981,-60
413.5981,-60
413.6981,-60
413.7981,-60
413.8981,-60
413.9981,-60
414.0981,-60
414.1981,-60
414.2981,-60
414.3981,-60
414.4981,-60
414.5981,-60
414.6981,-60
414.7981,-60
414.8981,-60
414.9981,-60
415.0981,-60
415.1981,-60
415.2981,-60
415.3981,-60
415.4981,-60
415.5981,-60
415.6981,-60
415.7981,-60
415.8981,-60
415.9981,-60
416.0981,-60
416.1981,-60
416.2981,-60
416.3981,-60
416.4981,-60
416.5981,-60
416.6981,-60
416.7981,-60
416.8981,-60
416.9981,-60
417.0981,-60
417.1981,-60
417.2981,-60
417.3981,-60
417.4981,-60
417.5981,-60
417.6981,-60
417.7981,-60
417.8981,-60
417.9981,-60
418.0981,-60
418.1981,-60
418.2981,-60
418.3981,-60
418.4981,-60
418.5981,-60
418.6981,-60
418.7981,-60
418.8981,-60
418.9981,-60
419.0981,-60
419.1981,-60
419.2981,-60
419.3981,-60
419.4981,-60
419.5981,-60
419.6981,-60
419.7981,-60
419.8981,-60
419.9981,-60
420.0981,-60
420.1981,-60
420.2981,-60
420.3981,-60
420.4981,-60
420.5981,-60
420.6981,-60
420.7981,-60
420.8981,-60
420.9981,-60
421.0981,-60
421.1981,-60
421.2981,-60
421.3981,-60
421.4981,-60
421.5981,-60
421.6981,-60
421.7981,-60
421.8981,-60
421.9981,-60
422.0981,-60
422.1981,-60
422.2981,-60
422.3981,-60
422.4981,-60
422.5981,-60
422.6981,-60
422.7981,-60
422.8981,-60
422.9981,-60
423.0981,-60
423.1981,-60
423.2981,-60
423.3981,-60
423.4981,-60
423.5981,-60
423.6981,-60
423.7981,-60
423.8981,-60
423.9981,-60
424.0981,-60
424.1981,-60
424.2981,-60
424.3981,-60
424.4981,-60
424.5981,-60
424.6981,-60
424.7981,-60
424.8981,-60
424.9981,-60
425.0981,-60
425.1981,-60
425.2981,-60
425.3981,-60
425.4981,-60
425.5981,-60
425.6981,-60
425.7981,-60
425.8981,-60
425.9981,-60
426.0981,-60
426.1981,-60
426.2981,-60
426.3981,-60
426.4981,-60
426.5981,-60
426.6981,-60
426.7981,-60
426.8981,-60
426.9981,-60
427.0981,-60
427.1981,-60
427.2981,-60
427.3981,-60
427.4981,-60
427.5981,-60
427.6981,-60
427.7981,-60
427.8981,-60
427.9981,-60
428.0981,-60
428.1981,-60
428.2981,-60
428.3981,-60
428.4981,-60
428.5981,-60
428.6981,-60
428.7981,-60
428.8981,-60
428.9981,-60
429.0981,-60
429.1981,-60
429.2981,-60
429.3981,-60
429.4981,-60
429.5981,-60
429.6981,-60
429.7981,-60
429.8981,-60
429.9981,-60
430.0981,-60
430.1981,-60
430.2981,-60
430.3981,-60
430.4981,-60
430.5981,-60
430.6981,-60
430.7981,-60
430.8981,-60
430.9981,-60
431.0981,-60
431.1981,-60
431.2981,-60
431.3981,-60
431.4981,-60
431.5981,-60
431.6981,-60
431.7981,-60
431.8981,-60
431.9981,-60
432.0981,-60
432.1981,-60
432.2981,-60
432.3981,-60
432.4981,-60
432.5981,-60
432.6981,-60
432.7981,-60
432.8981,-60
432.9981,-60
433.0981,-60
433.1981,-60
433.2981,-60
433.3981,-60
433.4981,-60
433.5981,-60
433.6981,-60
433.7981,-60
433.8981,-60
433.9981,-60
434.0981,-60
434.1981,-60
434.2981,-60
434.3981,-60
434.4981,-60
434.5981,-60
434.6981,-60
434.7981,-60
434.8981,-60
434.9981,-60
435.0981,-60
435.1981,-60
435.2981,-60
435.3981,-60
435.4981,-60
435.5981,-60
435.6981,-60
435.7981,-60
435.8981,-60
435.9981,-60
436.0981,-60
436.1981,-60
436.2981,-60
436.3981,-60
436.4981,-60
436.5981,-60
436.6981,-60
436.7981,-60
436.8981,-60
436.9981,-60
437.0981,-60
437.1981,-60
437.2981,-60
437.3981,-60
437.4981,-60
437.5981,-60
437.6981,-60
437.7981,-60
437.8981,-60
437.9981,-60
438.0981,-60
438.1981,-60
438.2981,-60
438.3981,-60
438.4981,-60
438.5981,-60
438.6981,-60
438.7981,-60
438.8981,-60
438.9981,-60
439.0981,-60
439.1981,-60
439.2981,-60
439.3981,-60
439.4981,-60
439.5981,-60
439.6981,-60
439.7981,-60
439.8981,-60
439.9981,-60
440.0981,-60
440.1981,-60
440.2981,-60
440.3981,-60
440.4981,-60
440.5981,-60
440.6981,-60
440.7981,-60
440.8981,-60
440.9981,-60
441.0981,-60
441.1981,-60
441.2981,-60
441.3981,-60
441.4981,-60
441.5981,-60
441.6981,-60
441.7981,-60
441.8981,-60
441.9981,-60
442.0981,-60
442.1981,-60
442.2981,-60
442.3981,-60
442.4981,-60
442.5981,-60
442.6981,-60
442.7981,-60
442.8981,-60
442.9981,-60
443.0981,-60
443.1981,-60
443.2981,-60
443.3981,-60
443.4981,-60
443.5981,-60
443.6981,-60
443.7981,-60
443.8981,-60
443.9981,-60
444.0981,-60
444.1981,-60
444.2981,-60
444.3981,-60
444.4981,-60
444.5981,-60
444.6981,-60
444.7981,-60
444.8981,-60
444.9981,-60
445.0981,-60
445.1981,-60
445.2981,-60
445.3981,-60
445.4981,-60
445.5981,-60
445.6981,-60
445.7981,-60
445.8981,-60
445.9981,-60
446.0981,-60
446.1981,-60
446.2981,-60
446.3981,-60
446.4981,-60
446.5981,-60
446.6981,-60
446.7981,-60
446.8981,-60
446.9981,-60
447.0981,-60
447.1981,-60
447.2981,-60
447.3981,-60
447.4981,-60
447.5981,-60
447.6981,-60
447.7981,-60
447.8981,-60
447.9981,-60
448.0981,-60
448.1981,-60
448.2981,-60
448.3981,-60
448.4981,-60
448.5981,-60
448.6981,-60
448.7981,-60
448.8981,-60
448.9981,-60
449.0981,-60
449.1981,-60
449.2981,-60
449.3981,-60
449.4981,-60
449.5981,-60
449.6981,-60
449.7981,-60
449.8981,-60
449.9981,-60
450.0981,-60
450.1981,-60
450.2981,-60
450.3981,-60
450.4981,-60
450.5981,-60
450.6981,-60
450.7981,-60
450.8981,-60
450.9981,-60
451.0981,-60
451.1981,-60
451.2981,-60
451.3981,-60
451.4981,-60
451.5981,-60
451.6981,-60
451.7981,-60
451.8981,-60
451.9981,-60
452.0981,-60
452.1981,-60
452.2981,-60
452.3981,-60
452.4981,-60
452.5981,-60
452.6981,-60
452.7981,-60
452.8981,-60
452.9981,-60
453.0981,-60
453.1981,-60
453.2981,-60
453.3981,-60
453.4981,-60
453.5981,-60
453.6981,-60
453.7981,-60
453.8981,-60
453.9981,-60
454.0981,-60
454.1981,-60
454.2981,-60
454.3981,-60
454.4981,-60
454.5981,-60
454.6981,-60
454.7981,-60
454.8981,-60
454.9981,-60
455.0981,-60
455.1981,-60
455.2981,-60
455.3981,-60
455.4981,-60
455.5981,-60
455.6981,-60
455.7981,-60
455.8981,-60
455.9981,-60
456.0981,-60
456.1981,-60
456.2981,-60
456.3981,-60
456.4981,-60
456.5981,-60
456.6981,-60
456.7981,-60
456.8981,-60
456.9981,-60
457.0981,-60
457.1981,-60
457.2981,-60
457.3981,-60
457.4981,-60
457.5981,-60
457.6981,-60
457.7981,-60
457.8981,-60
457.9981,-60
458.0981,-60
458.1981,-60
458.2981,-60
458.3981,-60
458.4981,-60
458.5981,-60
458.6981,-60
458.7981,-60
458.8981,-60
458.9981,-60
459.0981,-60
459.1981,-60
459.2981,-60
459.3981,-60
459.4981,-60
459.5981,-60
459.6981,-60
459.7981,-60
459.8981,-60
459.9981,-60
460.0981,-60
460.1981,-60
460.2981,-60
460.3981,-60
460.4981,-60
460.5981,-60
460.6981,-60
460.7981,-60
460.8981,-60
460.9981,-60
461.0981,-60
461.1981,-60
461.2981,-60
461.3981,-60
461.4981,-60
461.5981,-60
461.6981,-60
461.7981,-60
461.8981,-60
461.9981,-60
462.0981,-60
462.1981,-60
462.2981,-60
462.3981,-60
462.4981,-60
462.5981,-60
462.6981,-60
462.7981,-60
462.8981,-60
462.9981,-60
463.0981,-60
463.1981,-60
463.2981,-60
463.3981,-60
463.4981,-60
463.5981,-60
463.6981,-60
463.7981,-60
463.8981,-60
463.9981,-60
464.0981,-60
464.1981,-60
464.2981,-60
464.3981,-60
464.4981,-60
464.5981,-60
464.6981,-60
464.7981,-60
464.8981,-60
464.9981,-60
465.0981,-60
465.1981,-60
465.2981,-60
465.3981,-60
465.4981,-60
465.5981,-60
465.6981,-60
465.7981,-60
465.8981,-60
465.9981,-60
466.0981,-60
466.1981,-60
466.2981,-60
466.3981,-60
466.4981,-60
466.5981,-60
466.6981,-60
466.7981,-60
466.8981,-60
466.9981,-60
467.0981,-60
467.1981,-60
467.2981,-60
467.3981,-60
467.4981,-60
467.5981,-60
467.6981,-60
467.7981,-60
467.8981,-60
467.9981,-60
468.0981,-60
468.1981,-60
468.2981,-60
468.3981,-60
468.4981,-60
468.5981,-60
468.6981,-60
468.7981,-60
468.8981,-60
468.9981,-60
469.0981,-60
469.1981,-60
469.2981,-60
469.3981,-60
469.4981,-60
469.5981,-60
469.6981,-60
469.7981,-60
469.8981,-60
469.9981,-60
470.0981,-60
470.1981,-60
470.2981,-60
470.3981,-60
470.4981,-60
470.5981,-60
470.6981,-60
470.7981,-60
470.8981,-60
470.9981,-60
471.0981,-60
471.1981,-60
471.2981,-60
471.3981,-60
471.4981,-60
471.5981,-60
471.6981,-60
471.7981,-60
471.8981,-60
471.9981,-60
472.0981,-60
472.1981,-60
472.2981,-60
472.3981,-60
472.4981,-60
472.5981,-60
472.6981,-60
472.7981,-60
472.8981,-60
472.9981,-60
473.0981,-60
473.1981,-60
473.2981,-60
473.3981,-60
473.4981,-60
473.5981,-60
473.6981,-60
473.7981,-60
473.8981,-60
473.9981,-60
474.0981,-60
474.1981,-60
474.2981,-60
474.3981,-60
474.4981,-60
474.5981,-60
474.6981,-60
474.7981,-60
474.8981,-60
474.9981,-60
475.0981,-60
475.1981,-60
475.2981,-60
475.3981,-60
475.4981,-60
475.5981,-60
475.6981,-60
475.7981,-60
475.8981,-60
475.9981,-60
476.0981,-60
476.1981,-60
476.2981,-60
476.3981,-60
476.4981,-60
476.5981,-60
476.6981,-60
476.7981,-60
476.8981,-60
476.9981,-60
477.0981,-60
477.1981,-60
477.2981,-60
477.3981,-60
477.4981,-60
477.5981,-60
477.6981,-60
477.7981,-60
477.8981,-60
477.9981,-60
478.0981,-60
478.1981,-60
478.2981,-60
478.3981,-60
478.4981,-60
478.5981,-60
478.6981,-60
478.7981,-60
478.8981,-60
478.9981,-60
479.0981,-60
479.1981,-60
479.2981,-60
479.3981,-60
479.4981,-60
479.5981,-60
479.6981,-60
479.7981,-60
479.8981,-60
479.9981,-60
480.0981,-60
480.1981,-60
480.2981,-60
480.3981,-60
480.4981,-60
480.5981,-60
480.6981,-60
480.7981,-60
480.8981,-60
480.9981,-60
481.0981,-60
481.1981,-60
481.2981,-60
481.3981,-60
481.4981,-60
481.5981,-60
481.6981,-60
481.7981,-60
481.8981,-60
481.9981,-60
482.0981,-60
482.1981,-60
482.2981,-60
482.3981,-60
482.4981,-60
482.5981,-60
482.6981,-60
482.7981,-60
482.8981,-60
482.9981,-60
483.0981,-60
483.1981,-60
483.2981,-60
483.3981,-60
483.4981,-60
483.5981,-60
483.6981,-60
483.7981,-60
483.8981,-60
483.9981,-60
484.0981,-60
484.1981,-60
484.2981,-60
484.3981,-60
484.4981,-60
484.5981,-60
484.6981,-60
484.7981,-60
484.8981,-60
484.9981,-60
485.0981,-60
485.1981,-60
485.2981,-60
485.3981,-60
485.4981,-60
485.5981,-60
485.6981,-60
485.7981,-60
485.8981,-60
485.9981,-60
486.0981,-60
486.1981,-60
486.2981,-60
486.3981,-60
486.4981,-60
486.5981,-60
486.6981,-60
486.7981,-60
486.8981,-60
486.9981,-60
487.0981,-60
487.1981,-60
487.2981,-60
487.3981,-60
487.4981,-60
487.5981,-60
487.6981,-60
487.7981,-60
487.8981,-60
487.9981,-60
488.0981,-60
488.1981,-60
488.2981,-60
488.3981,-60
488.4981,-60
488.5981,-60
488.6981,-60
488.7981,-60
488.8981,-60
488.9981,-60
489.0981,-60
489.1981,-60
489.2981,-60
489.3981,-60
489.4981,-60
489.5981,-60
489.6981,-60
489.7981,-60
489.8981,-60
489.9981,-60
490.0981,-60
490.1981,-60
490.2981,-60
490.3981,-60
490.4981,-60
490.5981,-60
490.6981,-60
490.7981,-60
490.8981,-60
490.9981,-60
491.8981,-60
491.9981,-60
492.0981,-60
492.1981,-60
492.2981,-60
492.3981,-60
492.4981,-60
492.5981,-60
492.6981,-60
492.7981,-60
492.8981,-60
492.9981,-60
493.0981,-60
493.1981,-60
493.2981,-60
493.3981,-60
493.4981,-60
493.5981,-60
493.6981,-60
493.7981,-60
493.8981,-60
493.9981,-60
494.0981,-60
494.1981,-60
494.2981,-60
494.3981,-60
494.4981,-60
494.5981,-60
494.6981,-60
494.7981,-60
494.8981,-60
494.9981,-60
495.0981,-60
495.1981,-60
495.2981,-60
495.3981,-60
495.4981,-60
495.5981,-60
495.6981,-60
495.7981,-60
495.8981,-60
495.9981,-60
496.0981,-60
496.1981,-60
496.2981,-60
496.3981,-60
496.4981,-60
496.5981,-60
496.6981,-60
496.7981,-60
496.8981,-60
496.9981,-60
497.0981,-60
497.1981,-60
497.2981,-60
497.3981,-60
497.4981,-60
497.5981,-60
497.6981,-60
497.7981,-60
497.8981,-60
497.9981,-60
498.0981,-60
498.1981,-60
498.2981,-60
498.3981,-60
498.4981,-60
498.5981,-60
498.6981,-60
498.7981,-60
498.8981,-60
498.9981,-60
499.0981,-60
499.1981,-60
499.2981,-60
499.3981,-60
499.4981,-60
499.5981,-60
499.6981,-60
499.7981,-60
499.8981,-60
499.9981,-60
500.0981,-60
500.1981,-60
500.2981,-60
500.3981,-60
500.4981,-60
500.5981,-60
500.6981,-60
500.7981,-60
500.8981,-60
500.9981,-60
501.0981,-60
501.1981,-60
501.2981,-60
501.3981,-60
501.4981,-60
501.5981,-60
501.6981,-60
501.7981,-60
501.8981,-60
501.9981,-60
502.0981,-60
502.1981,-60
502.2981,-60
502.3981,-60
502.4981,-60
502.5981,-60
502.6981,-60
502.7981,-60
502.8981,-60
502.9981,-60
503.0981,-60
503.1981,-60
503.2981,-60
503.3981,-60
503.4981,-60
503.5981,-60
503.6981,-60
503.7981,-60
503.8981,-60
503.9981,-60
504.0981,-60
504.1981,-60
504.2981,-60
504.3981,-60
504.4981,-60
504.5981,-60
504.6981,-60
504.7981,-60
504.8981,-60
504.9981,-60
505.0981,-60
505.1981,-60
505.2981,-60
505.3981,-60
505.4981,-60
505.5981,-60
505.6981,-60
505.7981,-60
505.8981,-60
505.9981,-60
506.0981,-60
506.1981,-60
506.2981,-60
506.3981,-60
506.4981,-60
506.5981,-60
506.6981,-60
506.7981,-60
506.8981,-60
506.9981,-60
507.0981,-60
507.1981,-60
507.2981,-60
507.3981,-60
507.4981,-60
507.5981,-60
507.6981,-60
507.7981,-60
507.8981,-60
507.9981,-60
508.0981,-60
508.1981,-60
508.2981,-60
508.3981,-60
508.4981,-60
508.5981,-60
508.6981,-60
508.7981,-60
508.8981,-60
508.9981,-60
509.0981,-60
509.1981,-60
509.2981,-60
509.3981,-60
509.4981,-60
509.5981,-60
509.6981,-60
509.7981,-60
509.8981,-60
509.9981,-60
510.0981,-60
510.1981,-60
510.2981,-60
510.3981,-60
510.4981,-60
510.5981,-60
510.6981,-60
510.7981,-60
510.8981,-60
510.9981,-60
511.0981,-60
511.1981,-60
511.2981,-60
511.3981,-60
511.4981,-60
511.5981,-60
511.6981,-60
511.7981,-60
511.8981,-60
511.9981,-60
512.0981,-60
512.1981,-60
512.2981,-60
512.3981,-60
512.4981,-60
512.5981,-60
512.6981,-60
512.7981,-60
512.8981,-60
512.9981,-60
513.0981,-60
513.1981,-60
513.2981,-60
513.3981,-60
513.4981,-60
513.5981,-60
513.6981,-60
513.7981,-60
513.8981,-60
513.9981,-60
514.0981,-60
514.1981,-60
514.2981,-60
514.3981,-60
514.4981,-60
514.5981,-60
514.6981,-60
514.7981,-60
514.8981,-60
514.9981,-60
515.0981,-60
515.1981,-60
515.2981,-60
515.3981,-60
515.4981,-60
515.5981,-60
515.6981,-60
515.7981,-60
515.8981,-60
515.9981,-60
516.0981,-60
516.1981,-60
516.2981,-60
516.3981,-60
516.4981,-60
516.5981,-60
516.6981,-60
516.7981,-60
516.8981,-60
516.9981,-60
517.0981,-60
517.1981,-60
517.2981,-60
517.3981,-60
517.4981,-60
517.5981,-60
517.6981,-60
517.7981,-60
517.8981,-60
517.9981,-60
518.0981,-60
518.1981,-60
518.2981,-60
518.3981,-60
518.4981,-60
518.5981,-60
518.6981,-60
518.7981,-60
518.8981,-60
518.9981,-60
519.0981,-60
519.1981,-60
519.2981,-60
519.3981,-60
519.4981,-60
519.5981,-60
519.6981,-60
519.7981,-60
519.8981,-60
519.9981,-60
520.0981,-60
520.1981,-60
520.2981,-60
520.3981,-60
520.4981,-60
520.5981,-60
520.6981,-60
520.7981,-60
520.8981,-60
520.9981,-60
521.0981,-60
521.1981,-60
521.2981,-60
521.3981,-60
521.4981,-60
521.5981,-60
521.6981,-60
521.7981,-60
521.8981,-60
521.9981,-60
522.0981,-60
522.1981,-60
522.2981,-60
522.3981,-60
522.4981,-60
522.5981,-60
522.6981,-60
522.7981,-60
522.8981,-60
522.9981,-60
523.0981,-60
523.1981,-60
523.2981,-60
523.3981,-60
523.4981,-60
523.5981,-60
523.6981,-60
523.7981,-60
523.8981,-60
523.9981,-60
524.0981,-60
524.1981,-60
524.2981,-60
524.3981,-60
524.4981,-60
524.5981,-60
524.6981,-60
524.7981,-60
524.8981,-60
524.9981,-60
525.0981,-60
525.1981,-60
525.2981,-60
525.3981,-60
525.4981,-60
525.5981,-60
525.6981,-60
525.7981,-60
525.8981,-60
525.9981,-60
526.0981,-60
526.1981,-60
526.2981,-60
526.3981,-60
526.4981,-60
526.5981,-60
526.6981,-60
526.7981,-60
526.8981,-60
526.9981,-60
527.0981,-60
527.1981,-60
527.2981,-60
527.3981,-60
527.4981,-60
527.5981,-60
527.6981,-60
527.7981,-60
527.8981,-60
527.9981,-60
528.0981,-60
528.1981,-60
528.2981,-60
528.3981,-60
528.4981,-60
528.5981,-60
528.6981,-60
528.7981,-60
528.8981,-60
528.9981,-60
529.0981,-60
529.1981,-60
529.2981,-60
529.3981,-60
529.4981,-60
529.5981,-60
529.6981,-60
529.7981,-60
529.8981,-60
529.9981,-60
530.0981,-60
530.1981,-60
530.2981,-60
530.3981,-60
530.4981,-60
530.5981,-60
530.6981,-60
530.7981,-60
530.8981,-60
530.9981,-60
531.0981,-60
531.1981,-60
531.2981,-60
531.3981,-60
531.4981,-60
531.5981,-60
531.6981,-60
531.7981,-60
531.8981,-60
531.9981,-60
532.0981,-60
532.1981,-60
532.2981,-60
532.3981,-60
532.4981,-60
532.5981,-60
532.6981,-60
532.7981,-60
532.8981,-60
532.9981,-60
533.0981,-60
533.1981,-60
533.2981,-60
533.3981,-60
533.4981,-60
533.5981,-60
533.6981,-60
533.7981,-60
533.8981,-60
533.9981,-60
534.0981,-60
534.1981,-60
534.2981,-60
534.3981,-60
534.4981,-60
534.5981,-60
534.6981,-60
534.7981,-60
534.8981,-60
534.9981,-60
535.0981,-60
535.1981,-60
535.2981,-60
535.3981,-60
535.4981,-60
535.5981,-60
535.6981,-60
535.7981,-60
535.8981,-60
535.9981,-60
536.0981,-60
536.1981,-60
536.2981,-60
536.3981,-60
536.4981,-60
536.5981,-60
536.6981,-60
536.7981,-60
536.8981,-60
536.9981,-60
537.0981,-60
537.1981,-60
537.2981,-60
537.3981,-60
537.4981,-60
537.5981,-60
537.6981,-60
537.7981,-60
537.8981,-60
537.9981,-60
538.0981,-60
538.1981,-60
538.2981,-60
538.3981,-60
538.4981,-60
538.5981,-60
538.6981,-60
538.7981,-60
538.8981,-60
538.9981,-60
539.0981,-60
539.1981,-60
539.2981,-60
539.3981,-60
539.4981,-60
539.5981,-60
539.6981,-60
539.7981,-60
539.8981,-60
539.9981,-60
540.0981,-60
540.1981,-60
540.2981,-60
540.3981,-60
540.4981,-60
540.5981,-60
540.6981,-60
540.7981,-60
540.8981,-60
540.9981,-60
541.0981,-60
541.1981,-60
541.2981,-60
541.3981,-60
541.4981,-60
541.5981,-60
541.6981,-60
541.7981,-60
541.8981,-60
541.9981,-60
542.0981,-60
542.1981,-60
542.2981,-60
542.3981,-60
542.4981,-60
542.5981,-60
542.6981,-60
542.7981,-60
542.8981,-60
542.9981,-60
543.0981,-60
543.1981,-60
543.2981,-60
543.3981,-60
543.4981,-60
543.5981,-60
543.6981,-60
543.7981,-60
543.8981,-60
543.9981,-60
544.0981,-60
544.1981,-60
544.2981,-60
544.3981,-60
544.4981,-60
544.5981,-60
544.6981,-60
544.7981,-60
544.8981,-60
544.9981,-60
545.0981,-60
545.1981,-60
545.2981,-60
545.3981,-60
545.4981,-60
545.5981,-60
545.6981,-60
545.7981,-60
545.8981,-60
545.9981,-60
546.0981,-60
546.1981,-60
546.2981,-60
546.3981,-60
546.4981,-60
546.5981,-60
546.6981,-60
546.7981,-60
546.8981,-60
546.9981,-60
547.0981,-60
547.1981,-60
547.2981,-60
547.3981,-60
547.4981,-60
547.5981,-60
547.6981,-60
547.7981,-60
547.8981,-60
547.9981,-60
548.0981,-60
548.1981,-60
548.2981,-60
548.3981,-60
548.4981,-60
548.5981,-60
548.6981,-60
548.7981,-60
548.8981,-60
548.9981,-60
549.0981,-60
549.1981,-60
549.2981,-60
549.3981,-60
549.4981,-60
549.5981,-60
549.6981,-60
549.7981,-60
549.8981,-60
549.9981,-60
550.0981,-60
550.1981,-60
550.2981,-60
550.3981,-60
550.4981,-60
550.5981,-60
550.6981,-60
550.7981,-60
550.8981,-60
550.9981,-60
551.0981,-60
551.1981,-60
551.2981,-60
551.3981,-60
551.4981,-60
551.5981,-60
551.6981,-60
551.7981,-60
551.8981,-60
551.9981,-60
552.0981,-60
552.1981,-60
552.2981,-60
552.3981,-60
552.4981,-60
552.5981,-60
552.6981,-60
552.7981,-60
552.8981,-60
552.9981,-60
553.0981,-60
553.1981,-60
553.2981,-60
553.3981,-60
553.4981,-60
553.5981,-60
553.6981,-60
553.7981,-60
553.8981,-60
553.9981,-60
554.0981,-60
554.1981,-60
554.2981,-60
554.3981,-60
554.4981,-60
554.5981,-60
554.6981,-60
554.7981,-60
554.8981,-60
554.9981,-60
555.0981,-60
555.1981,-60
555.2981,-60
555.3981,-60
555.4981,-60
555.5981,-60
555.6981,-60
555.7981,-60
555.8981,-60
555.9981,-60
556.0981,-60
556.1981,-60
556.2981,-60
556.3981,-60
556.4981,-60
556.5981,-60
556.6981,-60
556.7981,-60
556.8981,-60
556.9981,-60
557.0981,-60
557.1981,-60
557.2981,-60
557.3981,-60
557.4981,-60
557.5981,-60
557.6981,-60
557.7981,-60
557.8981,-60
557.9981,-60
558.0981,-60
558.1981,-60
558.2981,-60
558.3981,-60
558.4981,-60
558.5981,-60
558.6981,-60
558.7981,-60
558.8981,-60
558.9981,-60
559.0981,-60
559.1981,-60
559.2981,-60
559.3981,-60
559.4981,-60
559.5981,-60
559.6981,-60
559.7981,-60
559.8981,-60
559.9981,-60
560.0981,-60
560.1981,-60
560.2981,-60
560.3981,-60
560.4981,-60
560.5981,-60
560.6981,-60
560.7981,-60
560.8981,-60
560.9981,-60
561.0981,-60
561.1981,-60
561.2981,-60
561.3981,-60
561.4981,-60
561.5981,-60
561.6981,-60
561.7981,-60
561.8981,-60
561.9981,-60
562.0981,-60
562.1981,-60
562.2981,-60
562.3981,-60
562.4981,-60
562.5981,-60
562.6981,-60
562.7981,-60
562.8981,-60
562.9981,-60
563.0981,-60
563.1981,-60
563.2981,-60
563.3981,-60
563.4981,-60
563.5981,-60
563.6981,-60
563.7981,-60
563.8981,-60
563.9981,-60
564.0981,-60
564.1981,-60
564.2981,-60
564.3981,-60
564.4981,-60
564.5981,-60
564.6981,-60
564.7981,-60
564.8981,-60
564.9981,-60
565.0981,-60
565.1981,-60
565.2981,-60
565.3981,-60
565.4981,-60
565.5981,-60
565.6981,-60
565.7981,-60
565.8981,-60
565.9981,-60
566.0981,-60
566.1981,-60
566.2981,-60
566.3981,-60
566.4981,-60
566.5981,-60
566.6981,-60
566.7981,-60
566.8981,-60
566.9981,-60
567.0981,-60
567.1981,-60
567.2981,-60
567.3981,-60
567.4981,-60
567.5981,-60
567.6981,-60
567.7981,-60
567.8981,-60
567.9981,-60
568.0981,-60
568.1981,-60
568.2981,-60
568.3981,-60
568.4981,-60
568.5981,-60
568.6981,-60
568.7981,-60
568.8981,-60
568.9981,-60
569.0981,-60
569.1981,-60
569.2981,-60
569.3981,-60
569.4981,-60
569.5981,-60
569.6981,-60
569.7981,-60
569.8981,-60
569.9981,-60
570.0981,-60
570.1981,-60
570.2981,-60
570.3981,-60
570.4981,-60
570.5981,-60
570.6981,-60
570.7981,-60
570.8981,-60
570.9981,-60
571.0981,-60
571.1981,-60
571.2981,-60
571.3981,-60
571.4981,-60
571.5981,-60
571.6981,-60
571.7981,-60
571.8981,-60
571.9981,-60
572.0981,-60
572.1981,-60
572.2981,-60
572.3981,-60
572.4981,-60
572.5981,-60
572.6981,-60
572.7981,-60
572.8981,-60
572.9981,-60
573.0981,-60
573.1981,-60
573.2981,-60
573.3981,-60
573.4981,-60
573.5981,-60
573.6981,-60
573.7981,-60
573.8981,-60
573.9981,-60
574.0981,-60
574.1981,-60
574.2981,-60
574.3981,-60
574.4981,-60
574.5981,-60
574.6981,-60
574.7981,-60
574.8981,-60
574.9981,-60
575.0981,-60
575.1981,-60
575.2981,-60
575.3981,-60
575.4981,-60
575.5981,-60
575.6981,-60
575.7981,-60
575.8981,-60
575.9981,-60
576.0981,-60
576.1981,-60
576.2981,-60
576.3981,-60
576.4981,-60
576.5981,-60
576.6981,-60
576.7981,-60
576.8981,-60
576.9981,-60
577.0981,-60
577.1981,-60
577.2981,-60
577.3981,-60
577.4981,-60
577.5981,-60
577.6981,-60
577.7981,-60
577.8981,-60
577.9981,-60
578.0981,-60
578.1981,-60
578.2981,-60
578.3981,-60
578.4981,-60
578.5981,-60
578.6981,-60
578.7981,-60
578.8981,-60
578.9981,-60
579.0981,-60
579.1981,-60
579.2981,-60
579.3981,-60
579.4981,-60
579.5981,-60
579.6981,-60
579.7981,-60
579.8981,-60
579.9981,-60
580.0981,-60
580.1981,-60
580.2981,-60
580.3981,-60
580.4981,-60
580.5981,-60
580.6981,-60
580.7981,-60
580.8981,-60
580.9981,-60
581.0981,-60
581.1981,-60
581.2981,-60
581.3981,-60
581.4981,-60
581.5981,-60
581.6981,-60
581.7981,-60
581.8981,-60
581.9981,-60
582.0981,-60
582.1981,-60
582.2981,-60
582.3981,-60
582.4981,-60
582.5981,-60
582.6981,-60
582.7981,-60
582.8981,-60
582.9981,-60
583.0981,-60
583.1981,-60
583.2981,-60
583.3981,-60
583.4981,-60
583.5981,-60
583.6981,-60
583.7981,-60
583.8981,-60
583.9981,-60
584.0981,-60
584.1981,-60
584.2981,-60
584.3981,-60
584.4981,-60
584.5981,-60
584.6981,-60
584.7981,-60
584.8981,-60
584.9981,-60
585.0981,-60
585.1981,-60
585.2981,-60
585.3981,-60
585.4981,-60
585.5981,-60
585.6981,-60
585.7981,-60
585.8981,-60
585.9981,-60
586.0981,-60
586.1981,-60
586.2981,-60
586.3981,-60
586.4981,-60
586.5981,-60
586.6981,-60
586.7981,-60
586.8981,-60
586.9981,-60
587.0981,-60
587.1981,-60
587.2981,-60
587.3981,-60
587.4981,-60
587.5981,-60
587.6981,-60
587.7981,-60
587.8981,-60
587.9981,-60
588.0981,-60
588.1981,-60
588.2981,-60
588.3981,-60
588.4981,-60
588.5981,-60
588.6981,-60
588.7981,-60
588.8981,-60
588.9981,-60
589.0981,-60
589.1981,-60
589.2981,-60
589.3981,-60
589.4981,-60
589.5981,-60
589.6981,-60
589.7981,-60
589.8981,-60
589.9981,-60
590.0981,-60
590.1981,-60
590.2981,-60
590.3981,-60
590.4981,-60
590.5981,-60
590.6981,-60
590.7981,-60
590.8981,-60
590.9981,-60
591.0981,-60
591.1981,-60
591.2981,-60
591.3981,-60
591.4981,-60
591.5981,-60
591.6981,-60
591.7981,-60
591.8981,-60
591.9981,-60
592.0981,-60
592.1981,-60
592.2981,-60
592.3981,-60
592.4981,-60
592.5981,-60
592.6981,-60
592.7981,-60
592.8981,-60
592.9981,-60
593.0981,-60
593.1981,-60
593.2981,-60
593.3981,-60
593.4981,-60
593.5981,-60
593.6981,-60
593.7981,-60
593.8981,-60
593.9981,-60
594.0981,-60
594.1981,-60
594.2981,-60
594.3981,-60
594.4981,-60
594.5981,-60
594.6981,-60
594.7981,-60
594.8981,-60
594.9981,-60
595.0981,-60
595.1981,-60
595.2981,-60
595.3981,-60
595.4981,-60
595.5981,-60
595.6981,-60
595.7981,-60
595.8981,-60
595.9981,-60
596.0981,-60
596.1981,-60
596.2981,-60
596.3981,-60
596.4981,-60
596.5981,-60
596.6981,-60
596.7981,-60
596.8981,-60
596.9981,-60
597.0981,-60
597.1981,-60
597.2981,-60
597.3981,-60
597.4981,-60
597.5981,-60
597.6981,-60
597.7981,-60
597.8981,-60
597.9981,-60
598.0981,-60
598.1981,-60
598.2981,-60
598.3981,-60
598.4981,-60
598.5981,-60
598.6981,-60
598.7981,-60
598.8981,-60
598.9981,-60
599.0981,-60
599.1981,-60
599.2981,-60
599.3981,-60
599.4981,-60
599.5981,-60
599.6981,-60
599.7981,-60
599.8981,-60
599.9981,-60
600.0981,-60
600.1981,-60
600.2981,-60
600.3981,-60
600.4981,-60
600.5981,-60
600.6981,-60
600.7981,-60
600.8981,-60
600.9981,-60
601.0981,-60
601.1981,-60
601.2981,-60
601.3981,-60
601.4981,-60
601.5981,-60
601.6981,-60
601.7981,-60
601.8981,-60
601.9981,-60
602.0981,-60
602.1981,-60
602.2981,-60
602.3981,-60
602.4981,-60
602.5981,-60
602.6981,-60
602.7981,-60
602.8981,-60
602.9981,-60
603.0981,-60
603.1981,-60
603.2981,-60
603.3981,-60
603.4981,-60
603.5981,-60
603.6981,-60
603.7981,-60
603.8981,-60
603.9981,-60
604.0981,-60
604.1981,-60
604.2981,-60
604.3981,-60
604.4981,-60
604.5981,-60
604.6981,-60
604.7981,-60
604.8981,-60
604.9981,-60
605.0981,-60
605.1981,-60
605.2981,-60
605.3981,-60
605.4981,-60
605.5981,-60
605.6981,-60
605.7981,-60
605.8981,-60
605.9981,-60
606.0981,-60
606.1981,-60
606.2981,-60
606.3981,-60
606.4981,-60
606.5981,-60
606.6981,-60
606.7981,-60
606.8981,-60
606.9981,-60
607.0981,-60
607.1981,-60
607.2981,-60
607.3981,-60
607.4981,-60
607.5981,-60
607.6981,-60
607.7981,-60
607.8981,-60
607.9981,-60
608.0981,-60
608.1981,-60
608.2981,-60
608.3981,-60
608.4981,-60
608.5981,-60
608.6981,-60
608.7981,-60
608.8981,-60
608.9981,-60
609.0981,-60
609.1981,-60
609.2981,-60
609.3981,-60
609.4981,-60
609.5981,-60
609.6981,-60
609.7981,-60
609.8981,-60
609.9981,-60
610.0981,-60
610.1981,-60
610.2981,-60
610.3981,-60
610.4981,-60
610.5981,-60
610.6981,-60
610.7981,-60
610.8981,-60
610.9981,-60
611.0981,-60
611.1981,-60
611.2981,-60
611.3981,-60
611.4981,-60
611.5981,-60
611.6981,-60
611.7981,-60
611.8981,-60
611.9981,-60
612.0981,-60
612.1981,-60
612.2981,-60
612.3981,-60
612.4981,-60
612.5981,-60
612.6981,-60
612.7981,-60
612.8981,-60
612.9981,-60
613.0981,-60
613.1981,-60
613.2981,-60
613.3981,-60
613.4981,-60
613.5981,-60
613.6981,-60
613.7981,-60
613.8981,-60
613.9981,-60
614.0981,-60
614.1981,-60
614.2981,-60
614.3981,-60
614.4981,-60
614.5981,-60
614.6981,-60
614.7981,-60
614.8981,-60
614.9981,-60
615.0981,-60
615.1981,-60
615.2981,-60
615.3981,-60
615.4981,-60
615.5981,-60
615.6981,-60
615.7981,-60
615.8981,-60
615.9981,-60
616.0981,-60
616.1981,-60
616.2981,-60
616.3981,-60
616.4981,-60
616.5981,-60
616.6981,-60
616.7981,-60
616.8981,-60
616.9981,-60
617.0981,-60
617.1981,-60
617.2981,-60
617.3981,-60
617.4981,-60
617.5981,-60
617.6981,-60
617.7981,-60
617.8981,-60
617.9981,-60
618.0981,-60
618.1981,-60
618.2981,-60
618.3981,-60
618.4981,-60
618.5981,-60
618.6981,-60
618.7981,-60
618.8981,-60
618.9981,-60
619.0981,-60
619.1981,-60
619.2981,-60
619.3981,-60
619.4981,-60
619.5981,-60
619.6981,-60
619.7981,-60
619.8981,-60
619.9981,-60
620.0980999999999,-60
620.1981000000001,-60
620.2981,-60
620.3981,-60
620.4981,-60
620.5980999999999,-60
620.6981000000001,-60
620.7981,-60
620.8981,-60
620.9981,-60
621.0980999999999,-60
621.1981000000001,-60
621.2981,-60
621.3981,-60
621.4981,-60
621.5980999999999,-60
621.6981000000001,-60
621.7981,-60
621.8981,-60
621.9981,-60
622.0980999999999,-60
622.1981000000001,-60
622.2981,-60
622.3981,-60
622.4981,-60
622.5980999999999,-60
622.6981000000001,-60
622.7981,-60
622.8981,-60
622.9981,-60
623.0980999999999,-60
623.1981000000001,-60
623.2981,-60
623.3981,-60
623.4981,-60
623.5980999999999,-60
623.6981000000001,-60
623.7981,-60
623.8981,-60
623.9981,-60
624.0980999999999,-60
624.1981000000001,-60
624.2981,-60
624.3981,-60
624.4981,-60
624.5980999999999,-60
624.6981000000001,-60
624.7981,-60
624.8981,-60
624.9981,-60
625.0980999999999,-60
625.1981000000001,-60
625.2981,-60
625.3981,-60
625.4981,-60
625.5980999999999,-60
625.6981000000001,-60
625.7981,-60
625.8981,-60
625.9981,-60
626.0980999999999,-60
626.1981000000001,-60
626.2981,-60
626.3981,-60
626.4981,-60
626.5980999999999,-60
626.6981000000001,-60
626.7981,-60
626.8981,-60
626.9981,-60
627.0980999999999,-60
627.1981000000001,-60
627.2981,-60
627.3981,-60
627.4981,-60
627.5980999999999,-60
627.6981000000001,-60
627.7981,-60
627.8981,-60
627.9981,-60
628.0980999999999,-60
628.1981000000001,-60
628.2981,-60
628.3981,-60
628.4981,-60
628.5980999999999,-60
628.6981000000001,-60
628.7981,-60
628.8981,-60
628.9981,-60
629.0980999999999,-60
629.1981000000001,-60
629.2981,-60
629.3981,-60
629.4981,-60
629.5980999999999,-60
629.6981000000001,-60
629.7981,-60
629.8981,-60
629.9981,-60
630.0980999999999,-60
630.1981000000001,-60
630.2981,-60
630.3981,-60
630.4981,-60
630.5980999999999,-60
630.6981000000001,-60
630.7981,-60
630.8981,-60
630.9981,-60
631.0980999999999,-60
631.1981000000001,-60
631.2981,-60
631.3981,-60
631.4981,-60
631.5980999999999,-60
631.6981000000001,-60
631.7981,-60
631.8981,-60
631.9981,-60
632.0980999999999,-60
632.1981000000001,-60
632.2981,-60
632.3981,-60
632.4981,-60
632.5980999999999,-60
632.6981000000001,-60
632.7981,-60
632.8981,-60
632.9981,-60
633.0980999999999,-60
633.1981000000001,-60
633.2981,-60
633.3981,-60
633.4981,-60
633.5980999999999,-60
633.6981000000001,-60
633.7981,-60
633.8981,-60
633.9981,-60
634.0980999999999,-60
634.1981000000001,-60
634.2981,-60
634.3981,-60
634.4981,-60
634.5980999999999,-60
634.6981000000001,-60
634.7981,-60
634.8981,-60
634.9981,-60
635.0980999999999,-60
635.1981000000001,-60
635.2981,-60
635.3981,-60
635.4981,-60
635.5980999999999,-60
635.6981000000001,-60
635.7981,-60
635.8981,-60
635.9981,-60
636.0980999999999,-60
636.1981000000001,-60
636.2981,-60
636.3981,-60
636.4981,-60
636.5980999999999,-60
636.6981000000001,-60
636.7981,-60
636.8981,-60
636.9981,-60
637.0980999999999,-60
637.1981000000001,-60
637.2981,-60
637.3981,-60
637.4981,-60
637.5980999999999,-60
637.6981000000001,-60
637.7981,-60
637.8981,-60
637.9981,-60
638.0980999999999,-60
638.1981000000001,-60
638.2981,-60
638.3981,-60
638.4981,-60
638.5980999999999,-60
638.6981000000001,-60
638.7981,-60
638.8981,-60
638.9981,-60
639.0980999999999,-60
639.1981000000001,-60
639.2981,-60
639.3981,-60
639.4981,-60
639.5980999999999,-60
639.6981000000001,-60
639.7981,-60
639.8981,-60
639.9981,-60
640.0980999999999,-60
640.1981000000001,-60
640.2981,-60
640.3981,-60
640.4981,-60
640.5980999999999,-60
640.6981000000001,-60
640.7981,-60
640.8981,-60
640.9981,-60
641.0980999999999,-60
641.1981000000001,-60
641.2981,-60
641.3981,-60
641.4981,-60
641.5980999999999,-60
641.6981000000001,-60
641.7981,-60
641.8981,-60
641.9981,-60
642.0980999999999,-60
642.1981000000001,-60
642.2981,-60
642.3981,-60
642.4981,-60
642.5980999999999,-60
642.6981000000001,-60
642.7981,-60
642.8981,-60
642.9981,-60
643.0980999999999,-60
643.1981000000001,-60
643.2981,-60
643.3981,-60
643.4981,-60
643.5980999999999,-60
643.6981000000001,-60
643.7981,-60
643.8981,-60
643.9981,-60
644.0980999999999,-60
644.1981000000001,-60
644.2981,-60
644.3981,-60
644.4981,-60
644.5980999999999,-60
644.6981000000001,-60
644.7981,-60
644.8981,-60
644.9981,-60
645.0980999999999,-60
645.1981000000001,-60
645.2981,-60
645.3981,-60
645.4981,-60
645.5980999999999,-60
645.6981000000001,-60
645.7981,-60
645.8981,-60
645.9981,-60
646.0980999999999,-60
646.1981000000001,-60
646.2981,-60
646.3981,-60
646.4981,-60
646.5980999999999,-60
646.6981000000001,-60
646.7981,-60
646.8981,-60
646.9981,-60
647.0980999999999,-60
647.1981000000001,-60
647.2981,-60
647.3981,-60
647.4981,-60
647.5980999999999,-60
647.6981000000001,-60
647.7981,-60
647.8981,-60
647.9981,-60
648.0980999999999,-60
648.1981000000001,-60
648.2981,-60
648.3981,-60
648.4981,-60
648.5980999999999,-60
648.6981000000001,-60
648.7981,-60
648.8981,-60
648.9981,-60
649.0980999999999,-60
649.1981000000001,-60
649.2981,-60
649.3981,-60
649.4981,-60
649.5980999999999,-60
649.6981000000001,-60
649.7981,-60
649.8981,-60
649.9981,-60
650.0980999999999,-60
650.1981000000001,-60
650.2981,-60
650.3981,-60
650.4981,-60
650.5980999999999,-60
650.6981000000001,-60
650.7981,-60
650.8981,-60
650.9981,-60
651.0980999999999,-60
651.1981000000001,-60
651.2981,-60
651.3981,-60
651.4981,-60
651.5980999999999,-60
651.6981000000001,-60
651.7981,-60
651.8981,-60
651.9981,-60
652.0980999999999,-60
652.1981000000001,-60
652.2981,-60
652.3981,-60
652.4981,-60
652.5980999999999,-60
652.6981000000001,-60
652.7981,-60
652.8981,-60
652.9981,-60
653.0980999999999,-60
653.1981000000001,-60
653.2981,-60
653.3981,-60
653.4981,-60
653.5980999999999,-60
653.6981000000001,-60
653.7981,-60
653.8981,-60
653.9981,-60
654.0980999999999,-60
654.1981000000001,-60
654.2981,-60
654.3981,-60
654.4981,-60
654.5980999999999,-60
654.6981000000001,-60
654.7981,-60
654.8981,-60
654.9981,-60
655.0980999999999,-60
655.1981000000001,-60
655.2981,-60
655.3981,-60
655.4981,-60
655.5980999999999,-60
655.6981000000001,-60
655.7981,-60
655.8981,-60
655.9981,-60
656.0980999999999,-60
656.1981000000001,-60
656.2981,-60
656.3981,-60
656.4981,-60
656.5980999999999,-60
656.6981000000001,-60
656.7981,-60
656.8981,-60
656.9981,-60
657.0980999999999,-60
657.1981000000001,-60
657.2981,-60
657.3981,-60
657.4981,-60
657.5980999999999,-60
657.6981000000001,-60
657.7981,-60
657.8981,-60
657.9981,-60
658.0980999999999,-60
658.1981000000001,-60
658.2981,-60
658.3981,-60
658.4981,-60
658.5980999999999,-60
658.6981000000001,-60
658.7981,-60
658.8981,-60
658.9981,-60
659.0980999999999,-60
659.1981000000001,-60
659.2981,-60
659.3981,-60
659.4981,-60
659.5980999999999,-60
659.6981000000001,-60
659.7981,-60
659.8981,-60
659.9981,-60
660.0980999999999,-60
660.1981000000001,-60
660.2981,-60
660.3981,-60
660.4981,-60
660.5980999999999,-60
660.6981000000001,-60
660.7981,-60
660.8981,-60
660.9981,-60
661.0980999999999,-60
661.1981000000001,-60
661.2981,-60
661.3981,-60
661.4981,-60
661.5980999999999,-60
661.6981000000001,-60
661.7981,-60
661.8981,-60
661.9981,-60
662.0980999999999,-60
662.1981000000001,-60
662.2981,-60
662.3981,-60
662.4981,-60
662.5980999999999,-60
662.6981000000001,-60
662.7981,-60
662.8981,-60
662.9981,-60
663.0980999999999,-60
663.1981000000001,-60
663.2981,-60
663.3981,-60
663.4981,-60
663.5980999999999,-60
663.6981000000001,-60
663.7981,-60
663.8981,-60
663.9981,-60
664.0980999999999,-60
664.1981000000001,-60
664.2981,-60
664.3981,-60
664.4981,-60
664.5980999999999,-60
664.6981000000001,-60
664.7981,-60
664.8981,-60
664.9981,-60
665.0980999999999,-60
665.1981000000001,-60
665.2981,-60
665.3981,-60
665.4981,-60
665.5980999999999,-60
665.6981000000001,-60
665.7981,-60
665.8981,-60
665.9981,-60
666.0980999999999,-60
666.1981000000001,-60
666.2981,-60
666.3981,-60
666.4981,-60
666.5980999999999,-60
666.6981000000001,-60
666.7981,-60
666.8981,-60
666.9981,-60
667.0980999999999,-60
667.1981000000001,-60
667.2981,-60
667.3981,-60
667.4981,-60
667.5980999999999,-60
667.6981000000001,-60
667.7981,-60
667.8981,-60
667.9981,-60
668.0980999999999,-60
668.1981000000001,-60
668.2981,-60
668.3981,-60
668.4981,-60
668.5980999999999,-60
668.6981000000001,-60
668.7981,-60
668.8981,-60
668.9981,-60
669.0980999999999,-60
669.1981000000001,-60
669.2981,-60
669.3981,-60
669.4981,-60
669.5980999999999,-60
669.6981000000001,-60
669.7981,-60
669.8981,-60
669.9981,-60
670.0980999999999,-60
670.1981000000001,-60
670.2981,-60
670.3981,-60
670.4981,-60
670.5980999999999,-60
670.6981000000001,-60
670.7981,-60
670.8981,-60
670.9981,-60
671.0980999999999,-60
671.1981000000001,-60
671.2981,-60
671.3981,-60
671.4981,-60
671.5980999999999,-60
671.6981000000001,-60
671.7981,-60
671.8981,-60
671.9981,-60
672.0980999999999,-60
672.1981000000001,-60
672.2981,-60
672.3981,-60
672.4981,-60
672.5980999999999,-60
672.6981000000001,-60
672.7981,-60
672.8981,-60
672.9981,-60
673.0980999999999,-60
673.1981000000001,-60
673.2981,-60
673.3981,-60
673.4981,-60
673.5980999999999,-60
673.6981000000001,-60
673.7981,-60
673.8981,-60
673.9981,-60
674.0980999999999,-60
674.1981000000001,-60
674.2981,-60
674.3981,-60
674.4981,-60
674.5980999999999,-60
674.6981000000001,-60
674.7981,-60
674.8981,-60
674.9981,-60
675.0980999999999,-60
675.1981000000001,-60
675.2981,-60
675.3981,-60
675.4981,-60
675.5980999999999,-60
675.6981000000001,-60
675.7981,-60
675.8981,-60
675.9981,-60
676.0980999999999,-60
676.1981000000001,-60
676.2981,-60
676.3981,-60
676.4981,-60
676.5980999999999,-60
676.6981000000001,-60
676.7981,-60
676.8981,-60
676.9981,-60
677.0980999999999,-60
677.1981000000001,-60
677.2981,-60
677.3981,-60
677.4981,-60
677.5980999999999,-60
677.6981000000001,-60
677.7981,-60
677.8981,-60
677.9981,-60
678.0980999999999,-60
678.1981000000001,-60
678.2981,-60
678.3981,-60
678.4981,-60
678.5980999999999,-60
678.6981000000001,-60
678.7981,-60
678.8981,-60
678.9981,-60
679.0980999999999,-60
679.1981000000001,-60
679.2981,-60
679.3981,-60
679.4981,-60
679.5980999999999,-60
679.6981000000001,-60
679.7981,-60
679.8981,-60
679.9981,-60
680.0980999999999,-60
680.1981000000001,-60
680.2981,-60
680.3981,-60
680.4981,-60
680.5980999999999,-60
680.6981000000001,-60
680.7981,-60
680.8981,-60
680.9981,-60
681.0980999999999,-60
681.1981000000001,-60
681.2981,-60
681.3981,-60
681.4981,-60
681.5980999999999,-60
681.6981000000001,-60
681.7981,-60
681.8981,-60
681.9981,-60
682.0980999999999,-60
682.1981000000001,-60
682.2981,-60
682.3981,-60
682.4981,-60
682.5980999999999,-60
682.6981000000001,-60
682.7981,-60
682.8981,-60
682.9981,-60
